id,channelId,title,thumbUrl,description,publishDate,viewCount,comments,likes,dislikes,responseCode
UgxfhWo2cvNmPAiVfh94AaABAg,,Zxn6d7Om21k,UCBJh61a2NA40vvMzZhNmkJQ,@seronoser2675,https://yt3.ggpht.com/ytc/AIdro_n_gfOjWav3sInJRFM_nDKr6clFWon5WgNDhEzWd10=s48-c-k-c0x00ffffff-no-rj,2023-04-25T20:30:13,Incre√≠ble como prefieren cruzar un infierno antes q luchar por la libertad de su pais. Su cobard√≠a es mas grande que su amor a su patria,99,false,14,
UgzchSkAibfO8C1VgEF4AaABAg,,Zxn6d7Om21k,UCvHzV-cuej9ulaOReEvfzQQ,@h_fernand,https://yt3.ggpht.com/ytc/AIdro_mqbin83YSQTcbHQkbOe7mIZ0H4iozCdsafO0znqJg=s48-c-k-c0x00ffffff-no-rj,2023-04-25T21:34:41,"<b>Estados Unidos y Canada se han puesto fuertes para no permitirles el ingreso indiscriminado, sin papeles, sin controles, como sucedio con los paises de Sudamerica, ya tienen conocimiento de que clase de gente son ellos, no quieren sufrir lo que han sufrido los paises de la region</b>",51,false,5,
UgyBf3F44FN4CCAi5YJ4AaABAg,,Zxn6d7Om21k,UCS52ixiiIdbWIqyN9X6tD6A,@arturoamaru1687,https://yt3.ggpht.com/ytc/AIdro_mupJj4yAH5xL1gvRqWTZ7QLm_M0SNeohPjp8Yk79k=s48-c-k-c0x00ffffff-no-rj,2023-04-26T10:34:03,"Los venezolanos salieron f√≠sicamente de su pa√≠s, pero no dejaron sus costumbres en Venezuela. Muchos de ellos quieren que los otros pa√≠ses cambien sus costumbres a costumbres venezolanas. Rid√≠culo.  Adem√°s , muchos de ellos no tienen costumbre de trabajar, est√°n acostumbrados a vivir del asistencialismo...pero se van a dar cuenta que en USA van a trabajar m√°s. M√≠nimo 14 horas y a full. O te despiden al toque. Porque no te alcanza tu sueldo de 8 horas.",49,false,8,
UgzO5hZo7mfPw6fFOxx4AaABAg,,Zxn6d7Om21k,UC9srYQul4VVzukxxABlIw6w,@Nepbor,https://yt3.ggpht.com/kedaapZhS8Zz8uhJo36DGNMid3oOtMqHGH0NtrOb5P7DtLFYmmINmtDeucFfMHnA8Ms5qnB0=s48-c-k-c0x00ffffff-no-rj,2023-04-25T19:53:19,"<a href=""https://www.youtube.com/watch?v=Zxn6d7Om21k&amp;t=122"">2:02</a>: un momento, esa discriminaci√≥n se lo han ganado por haber insultado a los ciudadanos, autoridades, cultura y forma social de vivir de cada pa√≠s al que han migrado, eso es lo que al parecer ese informe no indag√≥ bien.",49,false,7,
Ugw1z9gkPAhPKV8Mo054AaABAg,,Zxn6d7Om21k,UCe1c0qxz19zh0_FZlqo2HGA,@julybeatriznunezaltamirano8211,https://yt3.ggpht.com/ytc/AIdro_kHz5lIZbqlEuNtHSXQgp9kRO5tRy1PHC-_lw_EKdEXTklS=s48-c-k-c0x00ffffff-no-rj,2023-04-25T21:07:16,Y siguen trayendp hijos al mundo,33,false,0,
UgzNbyG1dFTDbbbwEmR4AaABAg.9owwEgfG2vD9owwqZYvDJl,UgzNbyG1dFTDbbbwEmR4AaABAg,Zxn6d7Om21k,UCXq-jWVEApPqyTZrKowUFxg,@Xoandrex95oX,https://yt3.ggpht.com/ytc/AIdro_lE3Ts05j1LrBPi2UGJxQ5DofK1vx0YrkEzfndgkU0UeA=s48-c-k-c0x00ffffff-no-rj,2023-04-25T18:17:06,ve de vacaciones y no estes dando verguenza o lastima en pa√≠s ajeno que eso afecta a todos,22,true,,
UgxL82RCCic5gqWBjwZ4AaABAg,,Zxn6d7Om21k,UCy7rpmiA1pBgCTD34Skswtg,@chisathot750,https://yt3.ggpht.com/EKkZnXE5jFXtr8F3BbqP_LUep6EVXjVWEaganyTxX8YL067ZXU6KODKgeURz7mud_dXebNDIbw=s48-c-k-c0x00ffffff-no-rj,2023-04-25T20:55:56,SIIIIIII ESOOOOOOOO VAYANSE BIENNNNNNN,21,false,3,
UgzNbyG1dFTDbbbwEmR4AaABAg.9owwEgfG2vD9owyJ0vkQjK,UgzNbyG1dFTDbbbwEmR4AaABAg,Zxn6d7Om21k,UCnBkT-uK82Reu53moHLeN1A,@DarkVizerD,https://yt3.ggpht.com/ytc/AIdro_km0qXVClJj3QohRCeMO_1DvvpJRyil4eCEH2isUqPwRg=s48-c-k-c0x00ffffff-no-rj,2023-04-25T18:29:52,Y MENOS SI NO SABES HABLAR INGLES.,15,true,,
UgzGX5uak9Xm3555n_Z4AaABAg,,Zxn6d7Om21k,UCHSZaUY_aeQOUYYtpMf-3IQ,@marthaorellana9026,https://yt3.ggpht.com/ytc/AIdro_k18TQOefWzLa5SvdJmEE0dDZLfk4am4CaTqv-UUpCP4ll3lucs6Ttsxlbnh6UOy4Y8dw=s48-c-k-c0x00ffffff-no-rj,2023-04-29T23:45:32,Yo soy peruana y en Peru üáµüá™ si hay mucho trabajo y si trabajas como los peruanos  con sacrificio perseverancia constancia  y eres guerrero para el BIEN con ganas de superarse honrradamente si tienes EXITO  PERU üáµüá™,13,false,0,
UgxgdUgHRrKEXmtaH5J4AaABAg,,Zxn6d7Om21k,UCs0lAkGkgxYXlsFJbtpDmfQ,@ric7618,https://yt3.ggpht.com/Wx5ACR_2kYSVBWr-Pi01hIAEyTyDMq72x2yzKoIESTkZMQzmypu5kL0UemVvZzI2GpjEog3Q9bM=s48-c-k-c0x00ffffff-no-rj,2023-04-25T19:21:46,Viajan por dolares y iphones.,12,false,0,
UgzO5hZo7mfPw6fFOxx4AaABAg.9ox6r87aKd_9oykhpujqNR,UgzO5hZo7mfPw6fFOxx4AaABAg,Zxn6d7Om21k,UCCkLX1i2i26gyljea0YoU-g,@lavieja7938,https://yt3.ggpht.com/ytc/AIdro_mOhzV_bzHfhJX6LOKotdDPf7ytArQxXdYPGJiZ_-KrYQ=s48-c-k-c0x00ffffff-no-rj,2023-04-26T11:09:32,"Yo recuerdo todo el proceso migratorio de venezolanos, la primera hola fue maravillosa, realmente hermosa, ve√≠a gente realmente culta vendiendo lo que sea en la calle; chicas hermosas realmente bellas y muy educadas, era una maravilla... luego la segunda ola, que me parece que fue el mismo gobierno que limpi√≥ las c√°rceles y hech√≥ su caca en otros pa√≠ses... yo no tengo nada en contra de los venezolanos pero si conoces 3 y 2 robaron un negocio pues ya te vas formando una idea.",12,true,,
UgzO5hZo7mfPw6fFOxx4AaABAg.9ox6r87aKd_9oxz3At98tZ,UgzO5hZo7mfPw6fFOxx4AaABAg,Zxn6d7Om21k,UCzZYZhQe74DKYwlGI592oqw,@XDXd-oc4qn,https://yt3.ggpht.com/ytc/AIdro_nQzxsWtwAZDvVe0EXN98VcR-9VJIp0-dGEvVjXUxXmC5c=s48-c-k-c0x00ffffff-no-rj,2023-04-26T03:55:41,se creen que vienen del futuro y lo unico que an echo es poner la raja.,12,true,,
UgzFnhiKSx7-5QeR1RV4AaABAg,,Zxn6d7Om21k,UCwGMFr8MQeabaoigfAbfUsQ,@nicoladragon666,https://yt3.ggpht.com/ytc/AIdro_kL8GwuTqw_hBUymU9Ssggj9J9yk0hKwSPifSvFpLIngQ=s48-c-k-c0x00ffffff-no-rj,2023-04-28T19:32:58,"Que vayan a El Salvador , ahi si se cumplen la leyes contra la delincuencia.",11,false,0,
Ugyc4B6AZUifJ9Z0WHp4AaABAg,,Zxn6d7Om21k,UCZCdXxEqiCVSSn4-kN4Gseg,@khek242,https://yt3.ggpht.com/ytc/AIdro_nnVAPArmFlZP4g6Hpq8M_RbSdhShhRzWJt5XfdTVQNhLA1=s48-c-k-c0x00ffffff-no-rj,2023-04-26T13:31:42,"Si son 1/4 de migrantes....entonces los otros 3/4 q est√°n en Venezuela de que viven? Si no hay trabajo ni dinero?...raro no?...  Si son tan fuertes y valientes para darse esa caminatas por pa√≠ses y cruzar selvas mortales? Porque no trabajan como nosotros en turnos de 8 10 12 horas y vivir con el sueldo que vivimos en Argentina Chile Colombia Per√∫ Ecuador, si millones entero vivimos as√≠ y podemos y tenemos familia y vivimos como tal...porque ellos no pueden?.... Eso de Xenofobia y Marginaci√≥n es puro pretexto porque esta gente pretende vivir de lo ajeno y de holgazanes con pocas horas de trabajo y mucho tiempo libre y vaguedad y esa realidad no existe en el sur, esa actitud m√°s su idiosincrasia de sentirse y creerse la √∫ltima tuna del desierto....Se√±ores la pura verdad que entre buenos y malos venezolanos ustedes pretenden continuar con su vida torpe y absurda que les dieron en su naci√≥n y no despiertan que ya no existe m√°s y que en otros pa√≠ses se respeta se convive bien con tu trabajo ....no de facilistas ni haciendo da√±o a los vecinos y menos con actos delincuenciales y asesinatos atroces de sus peores connacionales...Sudam√©rica no es Venezuela con su mala administraci√≥n p√∫blica sea social o capitalista, xq sus due√±os viven como tal, no tenemos gobiernos id√≥neos....aqu√≠ la poblaci√≥n entera si TRABAJA No ESCUPE sobre el hermano que ayuda y menos NO ROBA.....ustedes ser√°n tristemente su propio mal destino....sino miren que hacen en EEUU y Canad√°....m√°s de lo mismo.",9,false,3,
UgztdDwhqZuV1tPpuFd4AaABAg.9p0CXY4zp_X9p6pL5PMDR9,UgztdDwhqZuV1tPpuFd4AaABAg,Zxn6d7Om21k,UCHSZaUY_aeQOUYYtpMf-3IQ,@marthaorellana9026,https://yt3.ggpht.com/ytc/AIdro_k18TQOefWzLa5SvdJmEE0dDZLfk4am4CaTqv-UUpCP4ll3lucs6Ttsxlbnh6UOy4Y8dw=s48-c-k-c0x00ffffff-no-rj,2023-04-29T23:43:09,no tu no eres peruano y te equivocas y yo si soy peruana  y en Peru hay mucho trabajo y si quieres progresar si te puedes superar y largate si a donde quieras,9,true,,
UgxlFw8i6J5WNlM3tBV4AaABAg,,Zxn6d7Om21k,UCuWlk09TQa9QTcx2s2Jvo5A,@diego17217,https://yt3.ggpht.com/ytc/AIdro_nVdzPO4_qEF43FJIFGwFeurbNq05CHL6GVMGtim9E=s48-c-k-c0x00ffffff-no-rj,2023-05-22T05:33:50,ojala se vayan todos a estados unidos y podamos recuperar nuestros paises.,8,false,0,
UgwU1m28Q1x-09iA0RB4AaABAg,,Zxn6d7Om21k,UCnX5TffypZUe4SxJmZBfNnw,@Aliciaek,https://yt3.ggpht.com/ytc/AIdro_k5DCnBLCUIrYw6g2tsir4OhUDs136Zr2UwIHiSFnY=s48-c-k-c0x00ffffff-no-rj,2023-04-25T19:57:50,"Ya hay casi 400,000 la gran mayor√≠a en Miami...desde antes de la pandemia viven en Miami los de la clase media vene....,  pero ahora con la  nueva inmigraci√≥n, estos no est√°n contentos.",8,false,0,
Ugy2bMY5WLNlHg3oRf94AaABAg,,Zxn6d7Om21k,UCLAk2gpQKnwBqjDyh68HQpg,@AlexZ-lc6nl,https://yt3.ggpht.com/ytc/AIdro_mtUQmGZYBwqHgWJINouv6gd84lGVCgfzVhk1pqyqbuSFAI=s48-c-k-c0x00ffffff-no-rj,2023-04-26T08:52:51,"Queridos chamos, chamas y paisanos Peruanos, no vengan a USA y mas si es por tierra. No piensen que es un buen tiempo y que ahora USA esta bueno. En especial si quieren venir por tierra. No lo hagan. No van a pasar, no se acostumbran al clima. El pago tambi√©n est√° bajo. Claro, te pagan en d√≥lares. Pero tu renta tambi√©n est√° en d√≥lares. No los ciudadanos est√°n bien. Estamos en un per√≠odo de inflaci√≥n. El Americano no es como el Latino, si tu ofendes al polic√≠a te matan, y hay quedaste. <br><br>Los buses y la buena fe fueron solo un show de los pol√≠ticos americanos de estados azules para ganar votos. Pero no caigas en eso. Ser√°s carne de ca√±√≥n. Mas que seguro, t√∫ te quedar√°s en Tijuana oh M√©xico esperando. No est√° f√°cil la cosa. No lo hagas. Lo digo de buena fe. <br><br>Ser√≠a mejor ir a Europa oh Ocean√≠a si puedes. Oh Canad√° si puedes volar. Pero por ahora USA esta bien dif√≠cil por tierra. Y mas si vas a decir que quiere asilo pol√≠tico y vas a querer que te den de comer en la Boquita‚Ä¶.acu√©rdate que USA es primer mundo por ser CAPITALISTA y no socialista. Entonces t√∫ vives con cuanto t√∫ ganas. Y te van a sacar la madre en taxes y otras cosas m√°s. Tus 3000 al mes se van en la renta los biles y la comida. no ser√° vida. Ser√°s un esclavo moderno. Pero aya tu. Los mejicanos tambi√©n ya se est√°n hartando de ustedes tambi√©n‚Ä¶entonces. ü§∑üèª‚Äç‚ôÇÔ∏è. Pero se que la ignorancia y la ‚Äúfe‚Äù son lo que impulsa mas a ustedes quel saber.",7,false,5,
UgyfiiD_AZrQplDdqOB4AaABAg.9oxmXQdIOGH9ozC_DsOY1t,UgyfiiD_AZrQplDdqOB4AaABAg,Zxn6d7Om21k,UChS4Wqps0nqpQ_jiyw6K9DA,@marconow01,https://yt3.ggpht.com/uIdIk9YKX-flCWOWKQ70dZgLlL1xvH6gTz33rwW1cG3htBd-237p_Ugicf4Yec9xdhTDkPp2pQ=s48-c-k-c0x00ffffff-no-rj,2023-04-26T15:21:46,"Muchos de mis amigos peruanos regresaron de USA despu√©s de varios a√±os, la mayor√≠a al borde de la deportaci√≥n o la c√°rcel, algunos est√°n muy bien y otros est√°n dando pena.",7,true,,
UgxfhWo2cvNmPAiVfh94AaABAg.9oxB4OuA1ys9p0eevl8ruG,UgxfhWo2cvNmPAiVfh94AaABAg,Zxn6d7Om21k,UC0vywlqrPl1QSz2BWIWO0WQ,@bardot392,https://yt3.ggpht.com/AIRS8o28AH1Dfq4VQQBfYxJsy4089ewhssk8eROeduigP6pmBs4gKSCgz0Nv4Zisjz4jgNgXcxw=s48-c-k-c0x00ffffff-no-rj,2023-04-27T14:14:26,ESTRATEGIA DE MADURO,6,true,,
UgzNbyG1dFTDbbbwEmR4AaABAg.9owwEgfG2vD9owyaWotbm7,UgzNbyG1dFTDbbbwEmR4AaABAg,Zxn6d7Om21k,UC-dqzuNYNthO4sNbXsgS_Gw,@carmencervantes2692,https://yt3.ggpht.com/ytc/AIdro_lG-nW4fR69DIRdlhhqkez-rbiUF9wtESghWPnRGsg=s48-c-k-c0x00ffffff-no-rj,2023-04-25T18:32:23,peruanos migrando a chile =_=... si claro<br>hay caravanas metiendose a la fuerza te has quedado<br>en los 90 o 2000 parece,6,true,,
UgyBf3F44FN4CCAi5YJ4AaABAg.9oygdoT1GVR9p07mqIYw9M,UgyBf3F44FN4CCAi5YJ4AaABAg,Zxn6d7Om21k,UCdOuMdjTCz6KhD1BxWL6YLg,@jhoncarlos6188,https://yt3.ggpht.com/ytc/AIdro_kb9jgXOIRXPEtw6UcV-5Lnhz3xb5EAKRCQP094khQ=s48-c-k-c0x00ffffff-no-rj,2023-04-27T09:18:25,Toda esa fuerza deber√≠an usarla en tumbarse ese r√©gimen desastroso. formar guerrillas.,6,true,,
UgztdDwhqZuV1tPpuFd4AaABAg,,Zxn6d7Om21k,UCU_fV2WwT_kPs0rVscNYjAw,@XXL-jh9ff,https://yt3.ggpht.com/ytc/AIdro_k5LLs1XW4c8lOzGmvoWfmM1NNpPr9TR2OQnjeizLV1no64V9VAl-J3dX4UPpkd4JsAhg=s48-c-k-c0x00ffffff-no-rj,2023-04-27T09:59:53,"soy peruano y tambi√©n quiero irme a USA, Chile, Ecuador, Costa Rica, Bolivia Uruguay son pa√≠ses 2 veces m√°s peque√±o que Per√∫ y tiene mejores salarios y mejores condiciones de vida, ya Per√∫ no es opci√≥n para ning√∫n migrante...",5,false,19,
UgyfiiD_AZrQplDdqOB4AaABAg.9oxmXQdIOGH9oyansrU_pv,UgyfiiD_AZrQplDdqOB4AaABAg,Zxn6d7Om21k,UC9SmbmU9j0gtbwuT9U6-z0g,@martinclicerioenriquezpere7816,https://yt3.ggpht.com/ytc/AIdro_kQz7gx-tuyh0RlTXd919BCCZWOh7BKo3Rl7gKsAxZaHpR4P-z6fS_OdOlRlClH5vppOw=s48-c-k-c0x00ffffff-no-rj,2023-04-26T09:42:59,"Anda hijo,veras q no sera como te lo pintan",5,true,,
UgzNbyG1dFTDbbbwEmR4AaABAg.9owwEgfG2vD9ox39Wz9iKY,UgzNbyG1dFTDbbbwEmR4AaABAg,Zxn6d7Om21k,UCjAUOtxaoKsRZ3ezEwZrWIA,@pabloaureliobedoyavillanue8954,https://yt3.ggpht.com/ytc/AIdro_mVM8VHxsT6frf8o9UaeXk72YhkbFiL1oMosRAe01k=s48-c-k-c0x00ffffff-no-rj,2023-04-25T19:21,ajajja ya termino la miseria del castillo   y los rojitos todos se fueron a Puno,5,true,,
UgztdDwhqZuV1tPpuFd4AaABAg.9p0CXY4zp_X9pECXyru8d3,UgztdDwhqZuV1tPpuFd4AaABAg,Zxn6d7Om21k,UCjLxG1aPVaPOmzsb63HEurw,@jessicariquelme3483,https://yt3.ggpht.com/ytc/AIdro_mUOgmGV-zg3hAQ5qJbgnEw2OJ3rwUTvie4xciDXKtwYRc=s48-c-k-c0x00ffffff-no-rj,2023-05-02T20:29:18,"@@marthaorellana9026 Exacto, aqu√≠ en el Peru hay mucho emprendimiento y trabajo, pero si no te gusta romperte el lomo eso es otra cosa.",5,true,,
UgyfiiD_AZrQplDdqOB4AaABAg,,Zxn6d7Om21k,UCiNfB1Ta3hM5v1yNpuvupGA,@j.sebastian7705,https://yt3.ggpht.com/U2yaReutfmMUr49ec43DXBN5KrQpvCJI3LFIvoAEOyUhGe5l5Xj0uTxyyog-FX1ognUUPdioeA=s48-c-k-c0x00ffffff-no-rj,2023-04-26T02:06:13,Me voy es para Estados Unidos alla si hay futuro aunque no lo quieran aceptar si lo hay.,4,false,6,
Ugy2bMY5WLNlHg3oRf94AaABAg.9oyW3gPkcxH9oyb1z6T3Xu,Ugy2bMY5WLNlHg3oRf94AaABAg,Zxn6d7Om21k,UCw5C_PKjNh1GN3WYZuxPuSQ,@jorgebellidolavado6382,https://yt3.ggpht.com/ytc/AIdro_k9qoKv_-vr-s6shmAQJg4pKrYlnvo6LwR-VFh_0Tw=s48-c-k-c0x00ffffff-no-rj,2023-04-26T09:45:03,"Los taxes var√≠an de estado y estado. No todos est√°n tan mal como California.<br>Pero lo dif√≠cil es la vivienda, que no baja lo suficiente. Y no, no se recomienda vivir en usa pero como dice el, uno debe tener alguien que se haga en parte cargo.<br>Ah , y a√∫n de turista, mejor traer antibi√≥ticos por si acaso. All√° solo te lo dan con receta y sin un seguro gringo, cuesta y MUCHO.",4,true,,
UgxfhWo2cvNmPAiVfh94AaABAg.9oxB4OuA1ys9p6IfxR_spp,UgxfhWo2cvNmPAiVfh94AaABAg,Zxn6d7Om21k,UCmgUALqy4CyxdbltN2jUbtg,@jocargua,https://yt3.ggpht.com/ytc/AIdro_kSk1FieoqaPsL2UkjW_hnwZd0im1o3y5mmRKI28f-4XWU=s48-c-k-c0x00ffffff-no-rj,2023-04-29T18:49:02,"Exacto. en √©so pensaba en √©stos d√≠as. En vez de hacer tanta presi√≥n a los pa√≠ses de posible acogida. Por qu√© no se alzan con dignidad y fuerza con su propio pa√≠s y gobierno..??. No podr√°n vivir para siempre en √©sta situaci√≥n. Los cambios reales se hacen en la casa de uno. Donde uno con dignidad y legitimidad desea estar con su familia. Por lo menos en el contexto de ellos, que emigraron, no por gusto y decisi√≥n, sino por necesidad desesperada.",4,true,,
UgztdDwhqZuV1tPpuFd4AaABAg.9p0CXY4zp_X9pECiZF7cxI,UgztdDwhqZuV1tPpuFd4AaABAg,Zxn6d7Om21k,UCjLxG1aPVaPOmzsb63HEurw,@jessicariquelme3483,https://yt3.ggpht.com/ytc/AIdro_mUOgmGV-zg3hAQ5qJbgnEw2OJ3rwUTvie4xciDXKtwYRc=s48-c-k-c0x00ffffff-no-rj,2023-05-02T20:30:53,"@@XXL-jh9ff Exacto, pero debes saber que al peruano no le gusta pagar impuestos, o no me vas a negar, que cuanta gente vive muy bien de su empleo informal, sobre todo los comerciantes..tienen vivienda, carros, trabajadores a su cargo...",4,true,,
UgxgW7Ob3JWJc26axtJ4AaABAg,,Zxn6d7Om21k,UCA-Rf_1HJgjPQn9OiCPLebw,@jujutsukaisen1161,https://yt3.ggpht.com/fQdY31ctLB0WVptV2j60urW2jqBOJO-f7ZBZIpZq53kYtGnKB5DAJZTmM1xMFK_TyfYod449CQ=s48-c-k-c0x00ffffff-no-rj,2023-04-25T19:05:09,No se lo deseo a nadie.,3,false,0,
UgzNbyG1dFTDbbbwEmR4AaABAg.9owwEgfG2vD9ozVjX89MEa,UgzNbyG1dFTDbbbwEmR4AaABAg,Zxn6d7Om21k,UCjln30KPEfsxu-1LPiTLd4Q,@xtremegold2950,https://yt3.ggpht.com/ytc/AIdro_lJ2X9-wYSpBFNtbx5z_0WB5g12Hw5R6O59bC--Fp7-VJjWrr9yGgWS3igtr386MooGaA=s48-c-k-c0x00ffffff-no-rj,2023-04-26T18:09:12,@@David-co3wf esa visa solo seria temporal..por turista. NO POR TRABAJO.  si se le otorga..  NO se pueden quedar y no pueden trabajar . solo 1 mes de turismo .. si alguno  rompen el limite de dias..comete el delito.  y se le anularia a todos los peruanos,3,true,,
UgztdDwhqZuV1tPpuFd4AaABAg.9p0CXY4zp_X9p7lGBxcFvP,UgztdDwhqZuV1tPpuFd4AaABAg,Zxn6d7Om21k,UCU_fV2WwT_kPs0rVscNYjAw,@XXL-jh9ff,https://yt3.ggpht.com/ytc/AIdro_k5LLs1XW4c8lOzGmvoWfmM1NNpPr9TR2OQnjeizLV1no64V9VAl-J3dX4UPpkd4JsAhg=s48-c-k-c0x00ffffff-no-rj,2023-04-30T08:26:46,"@@marthaorellana9026 si hay tanto trabajo, con el 70% de sus habitantes trabajan en la econom√≠a informal, no te enga√±es tu misma.",3,true,,
UgztdDwhqZuV1tPpuFd4AaABAg.9p0CXY4zp_X9pWF2XjxxzQ,UgztdDwhqZuV1tPpuFd4AaABAg,Zxn6d7Om21k,UCOEHZcdItVR9KjK8ZM6lxAQ,@JoseManuel-vm7zd,https://yt3.ggpht.com/tvc1mYTsIikm5bB41TlMATEaMmt8IjPRyn58lAOSowkHAhClq-2x0C4uJx2QwPtfecs7pcl6bA=s48-c-k-c0x00ffffff-no-rj,2023-05-09T20:37:34,@@XXL-jh9ff porque quieres y no te esfuerzas no esperes que te caiga man√° del cieloüò†üò°,3,true,,
Ugzs2VVPH-6HZKoluC94AaABAg,,Zxn6d7Om21k,UCIPPEhAEL2Hbt90u89i_XIw,@guayaquil5408,https://yt3.ggpht.com/tD1dPaiUYZ3w6Sja4clD-BqrP8k7kE00slYJvgRQW5cWDnpBXYNA1yvt1CbNOpg3q15coICpuA=s48-c-k-c0x00ffffff-no-rj,2023-07-26T11:21:15,"imaginense si hubiese un puente en el estrecho de bering, los venecos irian por el sue√±o europeo üòÇ",2,false,0,
UgxvT4Ex5Dh3MiNoqT94AaABAg,,Zxn6d7Om21k,UC7ul-baUipnBvYSWRAafdxA,@JULIAN1970ful,https://yt3.ggpht.com/ytc/AIdro_nMhOWYv_2jBPvZ-DFg_lyGUTYbDGLcNeZCBohT6Oo=s48-c-k-c0x00ffffff-no-rj,2023-07-24T01:35:38,Por favor USA y CANADA recibanlos a todos para que no regresen a mi pais!!!!üôè,2,false,0,
Ugz44lyBg8fjyJ-wPxt4AaABAg,,Zxn6d7Om21k,UCyfR9mzNmEEKaQA5zM1wU0Q,@georgesanjur683,https://yt3.ggpht.com/ytc/AIdro_mOub1xmEQ-u2o4dek6t9129EBVUgVOI6-gBii3SW3UAg=s48-c-k-c0x00ffffff-no-rj,2023-04-30T16:50:31,Ser√° que en USA les regalan todo hasta la plata sin trabajar,2,false,1,
UgyGhW3Oklxiw-dSJLp4AaABAg,,Zxn6d7Om21k,UCzMAhIzkECCYaXuKDVV6E3g,@janetdiaz4074,https://yt3.ggpht.com/ytc/AIdro_m3yH3CkDYbBlrEro0QnKb_ItobeFHLwKuQcGuP0f6Bn7OoKZ8W5OF5gGcuK2Gkd9LxEg=s48-c-k-c0x00ffffff-no-rj,2023-04-28T03:21:35,Inf√≥rmate y no seas malo en Estados Unidos no hay entrada la gente se est√° muriendo en Mexico si est√°n recibiendo les da casa y trabajo,2,false,0,
Ugyeh-gHt-KaPE4LdV14AaABAg,,Zxn6d7Om21k,UCpdDv8GhHSpAvSj-qA2Uutg,@juandiazvasquez8947,https://yt3.ggpht.com/ytc/AIdro_n3GEui3NvrGeXfwkWEmQIes9-ane9wCz9F6ZcpiBk=s48-c-k-c0x00ffffff-no-rj,2023-04-27T10:49:12,"Si todos los venezolanos, no se unen toda la poblaci√≥n, en contra de maduro, seguir√° el √©xodo.",2,false,0,
UgwzU-vmhyYu60bdrfl4AaABAg,,Zxn6d7Om21k,UCJC1NeIvBfeV3emvv5eOUcg,@cazaputas_42.,https://yt3.ggpht.com/ytc/AIdro_lq8fLbRGc_Fo0th8MbfiWUdofbKtNCAM5iWgVmDutVns8=s48-c-k-c0x00ffffff-no-rj,2023-04-25T18:42:23,QQUiiiiiiiTTTTT tan traaaBAAAAAJJJJ joooooo !!!<br><br>Quiii quita el trabajouuu,2,false,1,
UgzNbyG1dFTDbbbwEmR4AaABAg,,Zxn6d7Om21k,UCTaVA03g-E0gvrdnUnNmR-g,@seguridadindustrial1979,https://yt3.ggpht.com/ytc/AIdro_l5_bXwY5V3yzuM2Ie5QNHZuRjju6eGy0vjigw0czE=s48-c-k-c0x00ffffff-no-rj,2023-04-25T18:11:49,"No solo venezolanos, los peruanos tambi√©n queremos irnos para all√°",2,false,14,
Ugy2bMY5WLNlHg3oRf94AaABAg.9oyW3gPkcxH9p-wmV8eaep,Ugy2bMY5WLNlHg3oRf94AaABAg,Zxn6d7Om21k,UCiKWZeOwt9FJqNVjlBlSPAQ,@rosariozegarra169,https://yt3.ggpht.com/ytc/AIdro_m-0L2zscg8g_E4yCuOQCdHXqXv3kBz4cmh_XXGXJY=s48-c-k-c0x00ffffff-no-rj,2023-04-27T07:33:31,Estas comparando un venezolano con un peruano? Estas lejos de esa comparaci√≥n!!,2,true,,
Ugy2bMY5WLNlHg3oRf94AaABAg.9oyW3gPkcxH9p0J9wZXinx,Ugy2bMY5WLNlHg3oRf94AaABAg,Zxn6d7Om21k,UCR4JK0n9W1aozWJnoEKPwyQ,@nandoslucho6830,https://yt3.ggpht.com/5gmip_gArF73oAeGOgn8C5T37JI36s-wW4R04ibbhiZrupRVFsIBhaQydNb9_mUT4U79qFti=s48-c-k-c0x00ffffff-no-rj,2023-04-27T10:57:50,Peruanos no hay ah√≠.,2,true,,
UgxfhWo2cvNmPAiVfh94AaABAg.9oxB4OuA1ys9p0hw2pf_Qt,UgxfhWo2cvNmPAiVfh94AaABAg,Zxn6d7Om21k,UCaOtcB6xCqvYg4JJu_NdM0A,@zareladelaromanadietrich5874,https://yt3.ggpht.com/ytc/AIdro_mTSI-A7OjV4gO_PZblD_l7fTGUzD15aMJIJ-PqZMo=s48-c-k-c0x00ffffff-no-rj,2023-04-27T14:42:59,AMY SHAKIRA ...Yo estoy de acuerdo Contigoü•∫üôè,2,true,,
UgzNbyG1dFTDbbbwEmR4AaABAg.9owwEgfG2vD9ox6JFGw_Mz,UgzNbyG1dFTDbbbwEmR4AaABAg,Zxn6d7Om21k,UCnX5TffypZUe4SxJmZBfNnw,@Aliciaek,https://yt3.ggpht.com/ytc/AIdro_k5DCnBLCUIrYw6g2tsir4OhUDs136Zr2UwIHiSFnY=s48-c-k-c0x00ffffff-no-rj,2023-04-25T19:48:32,"No les  hagas caso a los comentarios negativos, aqu√≠ se nos conocen como emprendedores y buenos trabajadores, sea el trabajo que sea.  Canad√° te da la oportunidad de terminar tus estudios, porque apuestan por ti tambi√©n porque algun dia pagaras tus impuestos (una mano lava la otra).<br>Vine a USA solo con &quot;Hello&quot; pero ahora es otra cosa, tambi√©n me ayudaron a estudiar en un &quot;College &quot;, el ingl√©s lo captas al instante si te relacionas  con personas que ya hablen los dos idiomas...<br>si te esfuerzas GANARAS, no dar√°s pena... ni verguenza <br>La comunidad peruana es muy solidaria, siempre te recomendaran o ayudar√°n  sin que trates de ser un gorrero. <br>Los puertorrique√±os tienen un dicho: &quot;para atr√°s? Ni para tomar impulso&quot;, as√≠ que cumple tus sue√±os, no retrocedas.<br>Algun dia sentir√°s pena de ti mismo o te sentir√°s  frustrado al no haber  intentado realizar tu sue√±o.<br>Exo si....Trata de sacar tu visa de estudiante.  All√° en Lima encontrar√°s institutos ling√º√≠sticos que te ayudar√°n con tu visa. No entres indocumentado porque no tendr√°s oportunidad de  legalizar tu estad√≠a de residente (solo los que entran como turistas, estudiantes o visa de negocios) tienen ese privilegio.<br>Pero en algunos estados de la naci√≥n hasta sin la documentaci√≥n legalizada puedes tener tu licencia de conducir.",2,true,,
UgzNbyG1dFTDbbbwEmR4AaABAg.9owwEgfG2vD9oxtM_fHVqe,UgzNbyG1dFTDbbbwEmR4AaABAg,Zxn6d7Om21k,UCjln30KPEfsxu-1LPiTLd4Q,@xtremegold2950,https://yt3.ggpht.com/ytc/AIdro_lJ2X9-wYSpBFNtbx5z_0WB5g12Hw5R6O59bC--Fp7-VJjWrr9yGgWS3igtr386MooGaA=s48-c-k-c0x00ffffff-no-rj,2023-04-26T03:05:54,chileno detectado,2,true,,
UgzNbyG1dFTDbbbwEmR4AaABAg.9owwEgfG2vD9oyq-Oc65kN,UgzNbyG1dFTDbbbwEmR4AaABAg,Zxn6d7Om21k,UCy_krnngxtYKN2lYsWcgeSg,@David-co3wf,https://yt3.ggpht.com/Ly_oz_MaLUR3cZCdHYoJDAJIPJVm3-n0J4TKZCLr-O-WGqE_4TK4k7sF9pC3BUHNhhVNkqJJOdI=s48-c-k-c0x00ffffff-no-rj,2023-04-26T11:55:46,"mira bro se esta poniendo en debate para quitar la visa al peru donde no va ser necesario tener visa y si estados unidos ve que hay mucha migracion crimen de parte de peruanos nos quitan esa oportunidad que nos pueden dar y por culpa de algunos pagan todos ,si te vas a estados ve bro de vacaciones que se yo o si es trabajo traita todos tus papeles para que puedas dar un buen ejemplo al peru que no somos como los mexicanos o venezolanos que solo cruzan sin papeles sin nada y son mal vistos",2,true,,
UgyBf3F44FN4CCAi5YJ4AaABAg.9oygdoT1GVR9s9kmcnn3ex,UgyBf3F44FN4CCAi5YJ4AaABAg,Zxn6d7Om21k,UCRm1NNQ_WhG1ql1_swTEHsw,@AxelFoley0,https://yt3.ggpht.com/ytc/AIdro_n1bUQT7obU6BOWVaszz6zPEjyoz2fCFj50evFFJA=s48-c-k-c0x00ffffff-no-rj,2023-07-14T16:35:16,"que tu tengas un sindrome de estocolmo por la cultura de explotacion a los empleados que impera en peru es otra cosa, el problema es tuyo, o eres uno de esos empleadores explotadores y por eso hablas asi? porque te cansaste de explotar a cuanto venezolano se te atraveso?",2,true,,
Ugywyx8QzIMFLIV33_54AaABAg,,Zxn6d7Om21k,UCFEyqeXkBN7XViEW04SykZA,@gracezevallosl4740,https://yt3.ggpht.com/ytc/AIdro_klpB_vtuV-qwgGbMVPTdCafNgDcPNs2mAF8cjbIGU=s48-c-k-c0x00ffffff-no-rj,2023-11-14T16:56:25,ASI COMO PASO EN CHILE EMPEZO LA XENOFOBIA Y LOS VENEZOLANOS TUVIERON QUE SALIRVIA PERU BUSCANDO EL PAIS CON MEJORES BENEFICIOS PARA RLLOS SIN TENER QUE TRABAJAR Y ESO LO ESTAN CONSIGUIENDO BUSCARAN ASILO ASISTENCIAL Y SE DIRIGIRAN A EEUU Y CANADA NO HAY QUIEN LOS PARE.,1,false,0,
UgwWUz4BOlUGOZiPXkp4AaABAg,,Zxn6d7Om21k,UCYqURC3wf_X3Zb-E79eaOoA,@RicardoTorres-cg2je,https://yt3.ggpht.com/ytc/AIdro_lkDhfR4IQoQOti0IosPsSAEqhLLgtyGqmMmRGIpKBIdhtOTK_iy1Z_GU0MKBc9sh8dlA=s48-c-k-c0x00ffffff-no-rj,2023-11-02T09:21:31,Son del pa√≠s no cambi√≥ la historia son infiltrados comunistas terroristas que no quieren la democracia,1,false,0,
Ugx4F1t3MSbn6qFdC294AaABAg,,Zxn6d7Om21k,UCUgU-t00-iBzrO9axhaKyzw,@yoyou4292,https://yt3.ggpht.com/ytc/AIdro_kt1h2diIgghH1IbMwG-vgV6plyAMzHMiQ8j6fxwMA=s48-c-k-c0x00ffffff-no-rj,2023-09-09T20:35:53,"Pobre de mexico que tiene que aguantarlos cuando llegan y cuando de estados unidos los deportan, que lastima por los mexicanos",1,false,0,
UgwCtOUrL81gJ_KHLnd4AaABAg,,Zxn6d7Om21k,UCwPLwmRE6RHQYApk9lSIrVw,@luisfelipe14334,https://yt3.ggpht.com/ytc/AIdro_no7OoWhNSrbw3ZZXoNRmfWiaJO0qOjebICiQ-nA92GrEJAGZ8yTqrZipZENrF2zTqaqg=s48-c-k-c0x00ffffff-no-rj,2023-09-09T17:45:53,En 2019 empez√≥ a llegar la invasi√≥n de Venezolanos a Chile y ahora se han ido solitos mas de 500.000 venezolanos.,1,false,0,
UgyrRUUGsR1j7inDFMZ4AaABAg,,Zxn6d7Om21k,UCEESOEuz0rJ98_6u2zAOrtA,@user-cz4ce1jm8g,https://yt3.ggpht.com/bpMz9AX5g5JkNaHV9Qc60f3xj6ILMWH4C9pTxtyauXE3b9Emhh2Lc2-jW7k56UCYxY9-9QEAiqc=s48-c-k-c0x00ffffff-no-rj,2023-07-09T19:16:59,Vengan saludos desde chile üá®üá±es lo mas actualizado qu√© ay est√° al nivel de Dubai entre por argentina,1,false,1,
UgwopfaIMHEgl-B8uwZ4AaABAg,,Zxn6d7Om21k,UCR0etd30ked0zNNvHMeKMSw,@Sergiogacopuma,https://yt3.ggpht.com/ytc/AIdro_lW1xqMvcVKqEcL-8DeKSOwx7Xs92Rzsvr7Rs7xmpMQzw=s48-c-k-c0x00ffffff-no-rj,2023-05-29T16:52:50,"Llegan a Estados Unidos no precisamente a trabajar. Entran exigiendo casa, comida y ayuda econ√≥mica.",1,false,0,
Ugzf-X0iUdWK5b1qncl4AaABAg,,Zxn6d7Om21k,UCd0K1Pm9UhzOBMYeM0TvGMA,@LuisPomacaja-jv2pk,https://yt3.ggpht.com/ytc/AIdro_n2rg16CxxE6lD8pWH2CZsci4GUG0MTY9ZVKp4_RX3QAEH0XR7T4W2564Pl7k8XQ555Mw=s48-c-k-c0x00ffffff-no-rj,2023-05-13T19:06:49,"Pobre EEUU,no tienen ni idea de lo que ha dejado pasar, esa gente est√° acostumbrada a vivir del estado",1,false,0,
UgzVMWaQKn_MJ6Q7Is94AaABAg,,Zxn6d7Om21k,UCDnLftQgVIlwoZMVh-uLLhA,@George..........,https://yt3.ggpht.com/8spWQOPSV1hh5LtyaNBqJLqXgtn9_tyI7AyMkSnGawgCapuyn1ZPhe9YRcvC_9r5UgiYtdmZ=s48-c-k-c0x00ffffff-no-rj,2023-05-13T07:21:45,Venezuela con Maduro va de mal en peor...esa migraci√≥n venezolana cada d√≠a se est√°n extendiendo por todos los pa√≠ses de la regi√≥n.,1,false,0,
Ugy9pPFWYm9qMFBTgmB4AaABAg,,Zxn6d7Om21k,UCd0K1Pm9UhzOBMYeM0TvGMA,@LuisPomacaja-jv2pk,https://yt3.ggpht.com/ytc/AIdro_n2rg16CxxE6lD8pWH2CZsci4GUG0MTY9ZVKp4_RX3QAEH0XR7T4W2564Pl7k8XQ555Mw=s48-c-k-c0x00ffffff-no-rj,2023-05-02T09:01:07,Venezolano en alem√°n?<br>AJJJJJJJJ,1,false,0,
UgyUQnG8JbRYBVjyZup4AaABAg,,Zxn6d7Om21k,UCrrGlzlmqjOKDkB8JNiFGIw,@marthaherrera7067,https://yt3.ggpht.com/ytc/AIdro_mrZPVnv8BkY1ai0AgmrKg0hV8EVz_Kxt4XntLSDoY=s48-c-k-c0x00ffffff-no-rj,2023-05-01T11:22:15,ONU   alerta,1,false,1,
UgyrZCHs4FTFb-uHPgB4AaABAg,,Zxn6d7Om21k,UCjRwWJC7pgMcoIERM6ctJLg,@zaragallego9555,https://yt3.ggpht.com/ytc/AIdro_m4yr868ynbYkl6ZZDm88_Tt5PGByExXY0P5mUh_Kc=s48-c-k-c0x00ffffff-no-rj,2023-04-29T12:21:47,Y para alla van los colombianos .esperen seis meses m√°s jajajaja,1,false,0,
UgxAnPk9nRo6D2AgWrd4AaABAg,,Zxn6d7Om21k,UC8qIBIhLYosujdms8mQR-ow,@pulgarcitot,https://yt3.ggpht.com/Bqabvq6kIyf5INSbqcn_UFfOCapKpjG7LqpABETEzYZC3y0hdkJVE2qdzILWrAvp75MPLylX=s48-c-k-c0x00ffffff-no-rj,2023-04-28T16:41:03,"<a href=""https://www.youtube.com/watch?v=Zxn6d7Om21k&amp;t=122"">2:02</a> Discriminaci√≥n? por tener miedo a los sicarios y rateros que son? y  no  solo en Per√∫",1,false,0,
UgzyXtBlPOYx--juypt4AaABAg,,Zxn6d7Om21k,UCjln30KPEfsxu-1LPiTLd4Q,@xtremegold2950,https://yt3.ggpht.com/ytc/AIdro_lJ2X9-wYSpBFNtbx5z_0WB5g12Hw5R6O59bC--Fp7-VJjWrr9yGgWS3igtr386MooGaA=s48-c-k-c0x00ffffff-no-rj,2023-04-26T18:24:03,vivo en eeuu y se como trabaja  este sistema migratorio en la frontera<br>necesitan visa . para poder entrar..  sin eso.. NO PUEDEN  por la puerta   nose que hacen estos venezolanos por alla<br>hay que INFORMALES BIEN..  no solo venezolanos sino a otros latinoamericanos que se dan esa aventura<br>la unica manera es que entren es ilegalmente . con ayuda del coyote mexicano escondidos por el desierto o rio  como hacen los migrantes mexicanos y centroamericanos  pero pagandole  dinero entre mil y  2 mil dolares     un venezolano no tiene esa cantidad de dinero para pagarle al coyote ..  salgo que trabaje en mexico y recolecte lo que le pide el coyote..,1,false,0,
UgyfAqsIzQ7nPHn_Yed4AaABAg,,Zxn6d7Om21k,UCFfY4_YvV2qFdMVbzz9DM8A,@iparraguirrediaz8757,https://yt3.ggpht.com/ytc/AIdro_lastotdyKfiyQpDYcDyUbBYsI-X3OZ9_kpgUAOSxs=s48-c-k-c0x00ffffff-no-rj,2023-04-26T16:35,"Por eso mismo toda esta gente como la que esta en el gobierno actual, siempre tratan as√≠ al ciudadanos que cumplen su trabajo como a cualquier cosa y no dan las facilidades en muchos aspecto, siempre se a visto esto mismo con esta clase de personas. Ellos en un gran banquillo mes a mes facturando jugosos sueldo y nosotros por conservar nuestro trabajo que cada a√±o se va subevaluando  como quien dir√≠a subempleados que ni alcansa para educar a nuestrod hijos al nivel como lo hacen estos tipos que viven del dinero de todos los peruanos, sus hijos tambi√©n wue postulen a becas. Pues, basta aprendamos a elegir en los pr√≥ximos comisios por que se quitaron toda la m√°scara y se mostraron hasta donde pueden llegar, el cambio esta en su voto hermano peruano. No m√°s pol√≠ticos que una vez estuvieron en un movimiento o partido nacionalista x ejmplo pero m√°s no hubo hechos fehacientes de que se embarraron y trabajaron junto al peruanos de a pie, no m√°s palabras bonitas lo que a la gente gusta escuchar, vamos a los hechos si salieron a las calles a protestar x ejolo si denunciaron x ejemplo esa es por la gente que debemos votar esa es la gente que cambiar√° al Per√∫ y que candodatos y elejidos para el congreso sean los l√≠deres de los pueblos originarios por que estos conocen mejor que nadie su realidad y la viven d√≠a a d√≠a, la luchan d√≠a a d√≠a, les cuesta y saben que se siente!!!!",1,false,0,
Ugyme_S3GGt2hfltTRt4AaABAg,,Zxn6d7Om21k,UCR02jbnmmrkMve1uw7b9o0w,@Michen911,https://yt3.ggpht.com/ytc/AIdro_k0PVo4Ayjzf9FlRcdjZAQYBwK430_hLvWlP9jgikQjC65W-ONDWjkk4dykteuHJ96HgQ=s48-c-k-c0x00ffffff-no-rj,2023-04-26T09:42:48,Sinceramente no siento ningun tipo de lastima con esta gente. Despues de todas las atrocidades cometidas por estos ciudadanos desadaptados. Like si estas de acuerdo.,1,false,0,
UgwrmVRHGEO-l9_AiB14AaABAg,,Zxn6d7Om21k,UCjln30KPEfsxu-1LPiTLd4Q,@xtremegold2950,https://yt3.ggpht.com/ytc/AIdro_lJ2X9-wYSpBFNtbx5z_0WB5g12Hw5R6O59bC--Fp7-VJjWrr9yGgWS3igtr386MooGaA=s48-c-k-c0x00ffffff-no-rj,2023-04-26T03:21:09,"pues eso no es facil en eeuu los deportan   razon de ello no pueden entrar ilegalmente por una puerta abierta   la unica manera que entre un venezolano a eeuu  es como hace un mexicano saltandose el muro o cruzando el desierto con el coyote pero deben pagar como 3 mil dolares al coyote mexicano..  ningun venezolano tiene 3 mil dolares en la mano o esa cantidad de dinero ,,  es por eso que muchos venzolanos se quedan estancados  en mexico o se vuelven a regresar a sudamerica..",1,false,0,
Ugy2j_F9-J7tjFa21UV4AaABAg,,Zxn6d7Om21k,UCNQYrzLA-caiePH01eAAvdg,@copavalerina1681,https://yt3.ggpht.com/ytc/AIdro_nr9xE_2vBhbh6K--Fq-aive21XyEQnu2y02BiS_JoIPeuEzrRmJAz6CHewA8Z5_h4Pew=s48-c-k-c0x00ffffff-no-rj,2023-04-25T22:49:40,"Pero porque tienen tantos hijos si piensan en migrar no hagan hijos hasta que ya esten estables en otro pais no caminen arrastrando criaturas que lo unico que da es mucha colera porque los usan para conseguir algo, al final la gente se cansa de ayudarlos",1,false,0,
UgxMBYJmVZpaOs_nCO94AaABAg,,Zxn6d7Om21k,UC4j6QsexywHRnSCxB9MoxWg,@chasingthestars9621,https://yt3.ggpht.com/ytc/AIdro_l3FGrXoQoqH_P7qMWRr6Vt8Q1Sqh-UUbm-5AUSQRnqt08=s48-c-k-c0x00ffffff-no-rj,2023-04-25T18:56:48,"Esa gente cree que vivir en USA o Canad√° es f√°cil... Podr√°n ganar en d√≥lares, pero los negocios tienen mas regulaciones, muchos impuestos y si piensan en ir de ambulante como ac√° en Latinoam√©rica, se van a ir contra la pared, adem√°s ellos ni esfuerzo hacen por trabajar, si creen que van a ir con esa actitud es mejor que solo entre venezolano al menos que haya cursado estudios universitarios, el resto no sirve para nada.",1,false,0,
UgyrRUUGsR1j7inDFMZ4AaABAg.9ryAJjYWEY79ujaVv30sVF,UgyrRUUGsR1j7inDFMZ4AaABAg,Zxn6d7Om21k,UClc0End3tj0N348z1-EEhVg,@cazaputas.42,https://yt3.ggpht.com/BEJhsy8vM4EolUm3yiV_DBZLa8OkDb6FNHnGbEukfGu-q_ajAXN_pOBWsAc2cr3yJFkK9c_BpOg=s48-c-k-c0x00ffffff-no-rj,2023-09-16T17:00:10,jajajajajajajajajja,1,true,,
UgxyxiqpHN7FQZWysgl4AaABAg.9rcbwVH4Nxg9uU_ebIwis8,UgxyxiqpHN7FQZWysgl4AaABAg,Zxn6d7Om21k,UCtHQSEgIBsKMXqAZOCTRuYg,@user-vl2jh2sz3g,https://yt3.ggpht.com/ytc/AIdro_meLtS1C8gl1i7ctdw977aqXq65ZlRYz3nJcpNHxhajLNpRpb2AVHlBghoDuIef2xu6gQ=s48-c-k-c0x00ffffff-no-rj,2023-09-10T11:44:54,"Y que m√°s da, ac√° en Espa√±a llegan en manada m√°s de 500.000 ya, y no veo espa√±oles llorando que no nombran su pa√≠s üòÇ<br>De una peruana en Madrid.",1,true,,
Ugzgaoxg_WmgNHBe7px4AaABAg.9p9Xnh-zO-69pa4EXX2OJR,Ugzgaoxg_WmgNHBe7px4AaABAg,Zxn6d7Om21k,UCVSbwHxzNTtuE-Hpod9Ykhg,@calinn17,https://yt3.ggpht.com/ytc/AIdro_mzhaWPC_j3U-SKmaIixowNNu9WIKdl0BFG3tadBoKTFQ=s48-c-k-c0x00ffffff-no-rj,2023-05-11T17:39:17,Y porqu√© escribes PERUANO con may√∫sculas? Qu√© te duele?? Jaja,1,true,,
Ugyc4B6AZUifJ9Z0WHp4AaABAg.9oz-yyu0HXb9p084ooCR_T,Ugyc4B6AZUifJ9Z0WHp4AaABAg,Zxn6d7Om21k,UCdOuMdjTCz6KhD1BxWL6YLg,@jhoncarlos6188,https://yt3.ggpht.com/ytc/AIdro_kb9jgXOIRXPEtw6UcV-5Lnhz3xb5EAKRCQP094khQ=s48-c-k-c0x00ffffff-no-rj,2023-04-27T09:21,"Nadie migra por deporte pero me llama la atenci√≥n lo de los venezolanos. Llegan a pa√≠ses como Per√∫ y y mi pa√≠s no puede ofrecer m√°s. Trabajam em lo que sea, pero al final dejan el trabajo. El sueldo es bajo, pero asi ganan la mayor√≠a de peruanos. Ahora se van en masa a USA. No entiendo bi en la l√≥gica de estas personas. Parece hasta un montaje. Entonces los peruanos tambi√©n deber√≠amos irnos en masa a USA.",1,true,,
Ugy2bMY5WLNlHg3oRf94AaABAg.9oyW3gPkcxH9ozWMGpZON1,Ugy2bMY5WLNlHg3oRf94AaABAg,Zxn6d7Om21k,UCjln30KPEfsxu-1LPiTLd4Q,@xtremegold2950,https://yt3.ggpht.com/ytc/AIdro_lJ2X9-wYSpBFNtbx5z_0WB5g12Hw5R6O59bC--Fp7-VJjWrr9yGgWS3igtr386MooGaA=s48-c-k-c0x00ffffff-no-rj,2023-04-26T18:14:38,necesitan visa . para poder entrar..   sin eso.. NO PUEDEN  <br>INFORMALES BIEN..  no des comentario falsos<br>la uinica manera es ilegalmente . con ayuda del coyote mexicano pero pagandole dinero entre 2 mil dolares<br>un venezolano no tiene esa cantidad de dinero,1,true,,
UgyfiiD_AZrQplDdqOB4AaABAg.9oxmXQdIOGH9oxwLsVP4H1,UgyfiiD_AZrQplDdqOB4AaABAg,Zxn6d7Om21k,UCjln30KPEfsxu-1LPiTLd4Q,@xtremegold2950,https://yt3.ggpht.com/ytc/AIdro_lJ2X9-wYSpBFNtbx5z_0WB5g12Hw5R6O59bC--Fp7-VJjWrr9yGgWS3igtr386MooGaA=s48-c-k-c0x00ffffff-no-rj,2023-04-26T03:32:01,te deportan ..  tiene que tener 3 mil dolares para pagarle  al coyote mexicano guie . y no agarre migraciones de eeuu<br>tu no puedes entrar por una puerta abierta . ahi ahi  mucho control..,1,true,,
UgyN90SxC8ypn7uRaHt4AaABAg.9oxgbksxKIr9oxvR3Vbp7W,UgyN90SxC8ypn7uRaHt4AaABAg,Zxn6d7Om21k,UCjln30KPEfsxu-1LPiTLd4Q,@xtremegold2950,https://yt3.ggpht.com/ytc/AIdro_lJ2X9-wYSpBFNtbx5z_0WB5g12Hw5R6O59bC--Fp7-VJjWrr9yGgWS3igtr386MooGaA=s48-c-k-c0x00ffffff-no-rj,2023-04-26T03:23:59,hay un acuerdo con el gobierno peruano.sobre la migracion venezolana .  por eso no cierran la frontera .del norte,1,true,,
UgzchSkAibfO8C1VgEF4AaABAg.9oxISYBkErg9oxx8yyjfah,UgzchSkAibfO8C1VgEF4AaABAg,Zxn6d7Om21k,UCjln30KPEfsxu-1LPiTLd4Q,@xtremegold2950,https://yt3.ggpht.com/ytc/AIdro_lJ2X9-wYSpBFNtbx5z_0WB5g12Hw5R6O59bC--Fp7-VJjWrr9yGgWS3igtr386MooGaA=s48-c-k-c0x00ffffff-no-rj,2023-04-26T03:39,no pueden cruizar o entrar ilegalmente  a esos paises  visa es requirida.. es un proceso que demora muchos anos..<br>tu crees que van a dejar entrar a cienes de venezolanos. gratis sin pagar dinero  .por la puerta grande   ?<br>si desean cruzar de ilegales. igual deben pagar al coyote mexicano.. para que cruzen el desierto el rio .. o saltandose el muro..  eso tambien es costoso entre 2 mil o 3 mil dolares.. dependiendo la distancia <br>muchos de estos venzolanos no saben esa cuestion..   es por eso que muchos estan estancados en mexico,1,true,,
UgxL82RCCic5gqWBjwZ4AaABAg.9oxE0nB0P1F9oxV7mpS7uy,UgxL82RCCic5gqWBjwZ4AaABAg,Zxn6d7Om21k,UCtphAXGEm4icoVCvv8DAxqQ,@b.barcena8699,https://yt3.ggpht.com/ytc/AIdro_mBLfEcw5mQZLLgNGwOgFhSYCuJSMEPcOaaZxNewyY0UP0=s48-c-k-c0x00ffffff-no-rj,2023-04-25T23:25:26,A tu puna te vas,1,true,,
UgwzU-vmhyYu60bdrfl4AaABAg.9owzjeEv4Ka9ox7c1ebK2W,UgwzU-vmhyYu60bdrfl4AaABAg,Zxn6d7Om21k,UCnX5TffypZUe4SxJmZBfNnw,@Aliciaek,https://yt3.ggpht.com/ytc/AIdro_k5DCnBLCUIrYw6g2tsir4OhUDs136Zr2UwIHiSFnY=s48-c-k-c0x00ffffff-no-rj,2023-04-25T19:59:59,"En restaurants peruanos de Paterson trabajan muchos ve.....(Le√±a y Carb√≥n,  Misqui )",1,true,,
UgyfiiD_AZrQplDdqOB4AaABAg.9oxmXQdIOGH9ozU3Tf-Aj9,UgyfiiD_AZrQplDdqOB4AaABAg,Zxn6d7Om21k,UCjln30KPEfsxu-1LPiTLd4Q,@xtremegold2950,https://yt3.ggpht.com/ytc/AIdro_lJ2X9-wYSpBFNtbx5z_0WB5g12Hw5R6O59bC--Fp7-VJjWrr9yGgWS3igtr386MooGaA=s48-c-k-c0x00ffffff-no-rj,2023-04-26T17:54:35,@@marconow01 esos peruanos sin documentos pagaron al coyote mexicano para que los deja cruzar ilegalmente en desiertos o el rio   esa cifra esta entre 2 mil dolares. NO ES GRATIS.. piensan que los venezolanos entran facil.. NAHH si no tienen dinero el coyote los ignora . e conocido varios mexicanos y una peruana que entraron ILEGALMENTE pagando esa cantidad de dinero.. al coyote mexicano..para hacerlos cruzar escondidos .  la  patrulla migraciones no los agarre y los deporte de inmediato,1,true,,
UgxfhWo2cvNmPAiVfh94AaABAg.9oxB4OuA1ys9pZtoXd8Dco,UgxfhWo2cvNmPAiVfh94AaABAg,Zxn6d7Om21k,UCl1gEti-VuBrG7JsfolivvQ,@tersgredf8017,https://yt3.ggpht.com/ytc/AIdro_mglSGNWk20-HpB6wp4hDTlkjSknX7Mob79E28e-oGndr22p_2wSbntTBphlxeuIcZhlA=s48-c-k-c0x00ffffff-no-rj,2023-05-11T06:40:14,";<br>Se les dijo una y mil veces no les den trabajo, no les alquilen  no sean sus amigos...ahora a todos los que les dieron trabajo los est√°n secuestrando o los est√°n extorsi√≥nando.;<br>;",1,true,,
UgzNbyG1dFTDbbbwEmR4AaABAg.9owwEgfG2vD9ox0TK0iqOC,UgzNbyG1dFTDbbbwEmR4AaABAg,Zxn6d7Om21k,UCzWYZhDWGZEseFs1E4m-OuA,@manuelhidalgo951,https://yt3.ggpht.com/ytc/AIdro_kTY7kAX3lrxM9EI-bd6MFeIJ2gVEY_vdI1IeO1YUI=s48-c-k-c0x00ffffff-no-rj,2023-04-25T18:57:29,@@carmencervantes2692  todavia hay peruanos que emigran a Chile !,1,true,,
UgzNbyG1dFTDbbbwEmR4AaABAg.9owwEgfG2vD9oxtUFnHjM3,UgzNbyG1dFTDbbbwEmR4AaABAg,Zxn6d7Om21k,UCjln30KPEfsxu-1LPiTLd4Q,@xtremegold2950,https://yt3.ggpht.com/ytc/AIdro_lJ2X9-wYSpBFNtbx5z_0WB5g12Hw5R6O59bC--Fp7-VJjWrr9yGgWS3igtr386MooGaA=s48-c-k-c0x00ffffff-no-rj,2023-04-26T03:06:57,@@manuelhidalgo951 nadies migra a esa pocilga llamada chile.. solo venes y haitianos,1,true,,
UgzNbyG1dFTDbbbwEmR4AaABAg.9owwEgfG2vD9ozZ60p-SzR,UgzNbyG1dFTDbbbwEmR4AaABAg,Zxn6d7Om21k,UC9ql2SKLStMkkdl7L2r50tQ,@kevinmoises,https://yt3.ggpht.com/HHEvDVnNNGymV_JuAyGHH1ovf7fMgaXe0aOrHEFTjRVWxoXG09aW7jAF9BK-p9c-y5TJVtjPyw=s48-c-k-c0x00ffffff-no-rj,2023-04-26T18:38:37,Para que vot√≥ por el lapicito entonces?,1,true,,
UgztdDwhqZuV1tPpuFd4AaABAg.9p0CXY4zp_X9pBCrxJXwuA,UgztdDwhqZuV1tPpuFd4AaABAg,Zxn6d7Om21k,UCs0zKJRcas9XY8Zs7KAiU2A,@juliocesareustaquio,https://yt3.ggpht.com/ytc/AIdro_nf81knUN-vxEIMiyybVT1Qahqkwc32GRsA0bqgYwuHODQ=s48-c-k-c0x00ffffff-no-rj,2023-05-01T16:34:27,Tiienes toda la razon lo.q pasa es q ahy gente q esta muy bien y no ve las condiciones de los demas y los juzgan cada quien habla desde su comodidad,1,true,,
UgyBf3F44FN4CCAi5YJ4AaABAg.9oygdoT1GVR9wg6YAsez3f,UgyBf3F44FN4CCAi5YJ4AaABAg,Zxn6d7Om21k,UCD-ly0eOBAT43VhMeS2VNhA,@Angelo-sc9of,https://yt3.ggpht.com/PUySfAYtTUUOm-mjbo245DcDFqQaWWwVHQeIytUp7y3VHsKVGxGaiVsKsxmLf4Zd03qzPZo9=s48-c-k-c0x00ffffff-no-rj,2023-11-04T01:34:39,@@AxelFoley0 as√≠ es en usa trabajas 10 horas o 12,1,true,,
UgzMGyq4Enk1_9Gb2xh4AaABAg,,Zxn6d7Om21k,UCFFoXgO33t-yjrZkfZj6qmg,@PERSONfPERSON,https://yt3.ggpht.com/ytc/AIdro_kPnWgPdaEneGRS_lHThnRi4WowEiydFJHvz_TIJ-uZt0uKxLt_qjIlJRs-UBamd5r2HA=s48-c-k-c0x00ffffff-no-rj,2024-03-17T16:30:03,SIR YOU SAID WE&#39;RE AMERICAN . IF  YOU&#39;RE LEGAL YOU&#39;RE AMERICAN,0,false,0,
Ugz1T47kQrXib_62MTh4AaABAg,,Zxn6d7Om21k,UCkhdHvPp-RpdZq_3KT6OUVQ,@yitacazpiz8632,https://yt3.ggpht.com/ytc/AIdro_l8bJjN8f5iw51sq7OBYWTCY3nsVjXP-QAVn96d-rY9l5KbJzFdR6s233AhOIGtTed1wA=s48-c-k-c0x00ffffff-no-rj,2024-02-11T16:00:30,Lpm van a da√±ar y hacer da√±o a m√°s paises que üí©...,0,false,0,
Ugybywf0V_P_ZehJx4V4AaABAg,,Zxn6d7Om21k,UCNX6iJSXOBZmYRS1UutmZ8Q,@mocasin-qt9ns,https://yt3.ggpht.com/tSG-qkRLCXGrQPz9bWpkYq1BkTazR5UgG3qirXiO8YovNAN1Mt-EEcclshtvzInrxVWlULij4w=s48-c-k-c0x00ffffff-no-rj,2024-02-03T17:17:10,bendiciones buen video,0,false,0,
Ugw7iz5NOBNJJGHPEVB4AaABAg,,Zxn6d7Om21k,UC9X7_IA3eHb429MTm_SNMfQ,@VicenteAlvarado-eb9zi,https://yt3.ggpht.com/ytc/AIdro_kzvqBzC6fY6zA6uGYray-m98W0rLkFN-UBKQZGT0pe5rCZwKob-WW8VOH_U81sHWX3tg=s48-c-k-c0x00ffffff-no-rj,2024-01-01T10:46:41,Ellos no son sociables y mas cuando les habla de maduro te cojen odi√≥ porque le hechan la culpa de todo a el pero no a Ch√°vez aqu√≠ en Ecuador asta con los ecuatorianos no nos llevamos bien,0,false,0,
UgwWJyGxbjLIcwNedNZ4AaABAg,,Zxn6d7Om21k,UCSC4LhzYGwCkhU0_gbqMjCQ,@user-su3jl1vq8y,https://yt3.ggpht.com/ytc/AIdro_nLOZiVoOnOY9sRG6PEfbeJQZgNEc94Ld_-R0YhapW-QHpFlNNHtQIwpPu8VJKX5wVYKg=s48-c-k-c0x00ffffff-no-rj,2023-12-21T17:53:44,"Es ayuda humanitaria no confundan,lo que empieza como un favor termina como obligacion,las autoridades son quien tienen la responsabilidad de hacerles valer sus grantias individuales a sus conacionales,porque los demas paises,Venezuela misma como actuaria en una situacion simular con inmigrantes cruzando su territorio,es facil decir pero vean  lo duro que es meter las manos, por toda esta gente que abandona su pais,le toca a uno luchar por uno y por ellos y ellos que hacen!!!!",0,false,0,
Ugzsrd8tcDoaMeudgD14AaABAg,,Zxn6d7Om21k,UCSC4LhzYGwCkhU0_gbqMjCQ,@user-su3jl1vq8y,https://yt3.ggpht.com/ytc/AIdro_nLOZiVoOnOY9sRG6PEfbeJQZgNEc94Ld_-R0YhapW-QHpFlNNHtQIwpPu8VJKX5wVYKg=s48-c-k-c0x00ffffff-no-rj,2023-12-21T17:07:21,"Pero porque creen que otro pais debe ayudarles a salir adelante antes que a sus nacionales,EU y Canada no quieren tanta gente y que va apasar con toda esta gente regada por todo el continente,lo corecto es que su pais resuelva su situacion nadie mas tiene porque ser participe pues es una nacion constituida constitucionalmente y regida por garantias individuales para sus connacionales los dem√°s no tiene porque hacerlo, no es es deber de la comunidad internacional!!! <a href=""https://www.youtube.com/watch?v=Zxn6d7Om21k&amp;t=235"">3:55</a>",0,false,0,
Ugw35OdHoPqwY7zoyxx4AaABAg,,Zxn6d7Om21k,UCR9pASCm7kxlVHC2WRoR5oA,@alexpernia6559,https://yt3.ggpht.com/RdsVg-BfDDa139jfAFUaAz7iiGZFbXaf0d9pupL8B05c0E74hFGxZGRO4moJKbllrBc7Wy6vbQ=s48-c-k-c0x00ffffff-no-rj,2023-12-17T15:05:06,hay que denunciar a todas estas peruanitas que difunden informacion falsa,0,false,0,
Ugwn4wkaQzqCwE8AEGh4AaABAg,,Zxn6d7Om21k,UC_okTqAk9nrb7xpg3jSIoyg,@jesusjaimevargas2928,https://yt3.ggpht.com/ytc/AIdro_mijMWpGjsMj3KBNuy7mwCk_szrNzPKcdrqkpF6mvE=s48-c-k-c0x00ffffff-no-rj,2023-12-03T10:06:50,Los Venezolanos est√°n dejando mala impresi√≥n dondequiera que van por no querer trabajar y esperar que el pa√≠s que los recibe los mantenga.,0,false,0,
Ugx43149WeKeuokml7F4AaABAg,,Zxn6d7Om21k,UCaSI_ls8zLh_VLGSLEbnEQg,@julissamatthews1007,https://yt3.ggpht.com/ytc/AIdro_lGT-WEMPLPacmj2YLWli1oMEprk-QXFUaEs7EzVXACG_U=s48-c-k-c0x00ffffff-no-rj,2023-12-01T15:42:13,"Les daran permiso para que vivan y trabajen, cosa que no quieren hacer, ellos quieren que el estado los mantenga porque dicen que en EEUU hay plata jajajajajajaja su PM no les da la gana de trabajar, ellos quieren robar y prostituirse.",0,false,0,
UgwfjCYBDhPZgayDia54AaABAg,,Zxn6d7Om21k,UCVBnPAmducdykPWHrXj1ibw,@manuelamarquez,https://yt3.ggpht.com/ytc/AIdro_lxqX6ooEz5IJWpQQoI6L-fTWiR38G1HsrCpLcgFTw=s48-c-k-c0x00ffffff-no-rj,2023-11-30T15:39:14,"NINGUN PAIS DEL MUNDO MUNDIAL TIENEN RESPONSABILIDAD DE HACERSE CARGO DEL PUEBLO VENEZOLANO. PRETENDEN INMIGRAR EN UNA MASA ENORME PENSANDO QUE POR ARTE DE MAGIA VAN A SOLUCIONAR SUS VIDAS. SIENTO PROFUNDAMENTE LA RUINA DE VENEZUELA. LAS POLITICAS QUE HAN LLEVADO A LA MISERIA A VENEZUELA. PERO NADIE SOMOS RESPONSABLES. YA ESTA BIEN. A ESPA√ëA HAN VENIDO VENEZOLANOS HONRADOS Y TRABAJADORES PERO MUCHO DELINCUENTES. MUCHOS. LA POLICIA ACABA DE DESARTICULAR 2 BANDAS DEL CRIMEN Y DELITOS DE VENEZUELA. ELLOS SOLOS Y SIN AYUDA DE NADIE SE HAN CREADO MUY MALA REPUTACION. SE DEBEN DE PENSAR QUE PUEDEN LLEGAR A CUALQUIER PAIS CON EXIGENCIAS. QUE UNA MASA BRUTAL DE INMIGRACION LES DEN COMIDA, TECHO, TRABAJO, MEDICOS ETC ETC. ENTONCES ARRUINAN A ESE PAIS. QUE SE VAYAN AL SUYO PROPIO A BUSCAR SOLUCIONES.",0,false,0,
UgytxOPeRyZg0JMDyHJ4AaABAg,,Zxn6d7Om21k,UCCVrdbMY4-SxKiN2Ss_zS5A,@user-oo6tw2rc6i,https://yt3.ggpht.com/itrpiswy_j0S6venymO6AA_QaK8Ysu7_hdUQY2bQINyYlFvr0zNQecR-0Vxc9rhQe-j9N9rSU_Q=s48-c-k-c0x00ffffff-no-rj,2023-11-20T21:02:18,"Deber√≠an hacer campa√±as en Venezuela, inform√°ndoles lo dif√≠cil que ser√° llegar a Estados Unidos, aparte de que en la frontera ya hay demasiados y no disponemos de la forma de darles asistencia.",0,false,0,
UgzDzjKFyqZW9U-jSIR4AaABAg,,Zxn6d7Om21k,UCSwpO9d_CzTOA4UYU3F93hA,@famnunezmorazan9793,https://yt3.ggpht.com/ytc/AIdro_mMRF-rcRa9b_yXNV-hvxnhOm6TnYsgR_H4o8INMq8xI4X1RzG0FqBQ7ldbX62yXqGQeA=s48-c-k-c0x00ffffff-no-rj,2023-11-20T00:57:13,Esas olas de migrantes son enviadas para dar problemas a los pa√≠ses del norte...esta organizado eso,0,false,0,
Ugwy3zO6BCwdavjP5EF4AaABAg,,Zxn6d7Om21k,UCs1113xO1WnnverS_D-3VNQ,@JosePeralta-px3xx,https://yt3.ggpht.com/ytc/AIdro_lMWbGKddyj0jzmfmiNP2ip825WWjHYcRDSsBuVXCCjJkM=s48-c-k-c0x00ffffff-no-rj,2023-11-11T14:17:17,"MUCHOS VENEZOLANOS SE HAN INCLINADO A REFUGIARSE EN PER√ö UN PA√çS QUE TAMBI√âN TIENE MUCHA CORRUPCI√ìN Y LOS GRUPOS DE PODER SOLO SE HA DEDICADO A SAQUEAR Y ROBAR SU RIQUEZA, EL VENEZOLANO CREY√ì QUE ERA UN BUEN LUGAR PERO NO ES AS√ç ESTE PA√çS PENDE DE UN HILO Y SE PUEDE REPETIR LO QUE SUCEDI√ì EN VENEZUELA",0,false,0,
UgxaAW9L6sFCI0wMM5x4AaABAg,,Zxn6d7Om21k,UCs1113xO1WnnverS_D-3VNQ,@JosePeralta-px3xx,https://yt3.ggpht.com/ytc/AIdro_lMWbGKddyj0jzmfmiNP2ip825WWjHYcRDSsBuVXCCjJkM=s48-c-k-c0x00ffffff-no-rj,2023-11-11T14:11:59,"NO ENTIENDO COMO UN PA√çS CON TANTA RIQUEZA SE PUEDA MORIR DE HAMBRE Y MISERIA, AC√Å HAY RESPONSABLES Y NO HAY UNO QUE HALLA SIDO FUSILADO",0,false,0,
UgzhNQWOke8OVqqWPPV4AaABAg,,Zxn6d7Om21k,UCYio-kUj1XjT8wp1dqCx-EA,@mariamoore1836,https://yt3.ggpht.com/ytc/AIdro_meZQDvkVwIytlz05tUr4sKYRoxduo30MYm6fDWZDFwo5Dx5x44u4bpmQY2f_R4uW4yGQ=s48-c-k-c0x00ffffff-no-rj,2023-11-07T17:31:25,Yo Como Peruana se que a nuestra gente le gusta ayudar pero joder vienen a malograr el pa√≠s yo tengo miedo ir al Peru a sus mujeres las venecos las matan sin piedad y a la gente inocente ya estamos saturados yo soy inmigrante y cuando entre a este pa√≠s me revisaron hasta los dientes porque pero no revisan a esta gente son tan idiotas que no pueden chequear a esta gente justos ahora pagan por pecadores que hagan algo esos venezolanos saquen a maduro el anticristo,0,false,0,
UgwQ20rUqjMNcri7sz14AaABAg,,Zxn6d7Om21k,UCdrAGUpiNK_DA0ctMtSLWEQ,@user-gw8wk5ic3d,https://yt3.ggpht.com/ytc/AIdro_kVrDUhBwT9mRE2gmGtChvxhznEB5UPX2XPBtWPAOOek_gveCxp4-WhcCMLH1t7oFAkEQ=s48-c-k-c0x00ffffff-no-rj,2023-09-09T22:08:52,Como ago para.ubicarlo.a una persona es una hermosa mujer su nonbre es Leonela prado y yo me llamo Nilton paredes y es la mujer qAmo,0,false,0,
UgyH9g282hdjSpcfYjt4AaABAg,,Zxn6d7Om21k,UCFKjNNvSUrYE5uG7rVkRKqQ,@mundodeoscar9286,https://yt3.ggpht.com/1-wJYU2A0xWFRRM5foHkJrMNN_EeV8TUsRNRImS2MTYllxSpl2FKAky12qVOQ60Cc3IwEszWsw=s48-c-k-c0x00ffffff-no-rj,2023-08-08T08:56:53,De que hablas nadie se quiere quedar en eeuu solo es un paso,0,false,0,
Ugwl5AUolMzrsQ4jXLJ4AaABAg,,Zxn6d7Om21k,UCHZ6rXpiqPy_9-SCNYK5rnw,@luchito8a,https://yt3.ggpht.com/ytc/AIdro_mqN6ja1ABcMjSPBvS455Va5_Gyw68xafyowd67Opm8_qw=s48-c-k-c0x00ffffff-no-rj,2023-08-03T20:14:47,encierrenlos en el darien,0,false,0,
Ugx2sR0_EyAsG0oVyL54AaABAg,,Zxn6d7Om21k,UCZbWkiLbwgttc6sAB8klKJA,@Bob-tk3sf,https://yt3.ggpht.com/ytc/AIdro_kvXlGpNtx2O8bBXp746hYRqKZXVUgbNT_hebYsgkAsoeE=s48-c-k-c0x00ffffff-no-rj,2023-07-13T14:45:52,Todos esos marcones votaron por Ch√°vez üòä,0,false,0,
UgxyxiqpHN7FQZWysgl4AaABAg,,Zxn6d7Om21k,UC-PJRW4iwYBX8IPeu31ieKQ,@rosamosquetamosqueta7511,https://yt3.ggpht.com/ytc/AIdro_kJKyc5055CUJGzWsFdaWoNeTeKMnxBOWWgbQRKY6E=s48-c-k-c0x00ffffff-no-rj,2023-07-01T10:23:48,"Estas personas son tan arrogantes, que no mencionan  a M√©xico como su paso. Cuando ya se ven venezolanos hasta en los lugares de mas delincuencia en M√©xico.",0,false,1,
UgymRd_M0En4GLYNSZd4AaABAg,,Zxn6d7Om21k,UCVwTD-1I-A6PWD-g4d8yZEg,@rascapie69,https://yt3.ggpht.com/frrt32aAlTBetAg-r-TaZ8cEeQ7N_SfojLSga1rhPgS8KLpVNAC6Z4zsaCk2S_nPeQTKJgybWQ=s48-c-k-c0x00ffffff-no-rj,2023-06-08T00:21:47,La peor migraci√≥n de LATAM,0,false,0,
Ugwd-I2n3suIRsVk_3J4AaABAg,,Zxn6d7Om21k,UCaTr_0qofeVJwpoyhSt_2dg,@judithalba2705,https://yt3.ggpht.com/ytc/AIdro_lrT-fSNNNrzrkY5-vkimGP3-c1e7EQhOiYeuEobT4=s48-c-k-c0x00ffffff-no-rj,2023-06-05T05:58:14,Bien que se vayen a EEUU. <br>Vinieron al Per√∫ mandados x ppk como este sujeto es americano. Nos hizo mucho da√±o,0,false,0,
UgxWtj_gXcq8b2VjvWZ4AaABAg,,Zxn6d7Om21k,UCuwOo4rc_gdVaDxl21bF1DQ,@shalom851,https://yt3.ggpht.com/xs-U36hsZz1FwiRGq1epvUBNcwci5hLKqW8-m7mVkwh7ubrxrm3d5mRwPLkOW8F9jLYn6xy8=s48-c-k-c0x00ffffff-no-rj,2023-05-30T22:38:53,V3N3Z0L4N05.. graxias x desbaratar paises. Graxias !!!üòäüòÖ,0,false,0,
UgxulEg-C46_jeArwnZ4AaABAg,,Zxn6d7Om21k,UCKezjI2u4jPxKlaPdHHkcCg,@patriciaharo8929,https://yt3.ggpht.com/ytc/AIdro_lriDkXGiBMkaGm6EiaNjk057kP9kacAgfmw-L7S38=s48-c-k-c0x00ffffff-no-rj,2023-05-17T17:13:55,Y lo consigue asi nomas de facil mientras otros hay q pagar tanto o le niegan estar alla ciando se ahce todo legal todo esta al revez estas aurotidades en todos los paises,0,false,0,
UgwAsSls9yyeX5KUgRB4AaABAg,,Zxn6d7Om21k,UCl1L2PywWMHdJn_0gJ_PCjw,@nellysflores-cc1dy,https://yt3.ggpht.com/ytc/AIdro_kVrDUhBwT9mRE2gmGtChvxhznEB5UPX2XPBtWPAOOek_gveCxp4-WhcCMLH1t7oFAkEQ=s48-c-k-c0x00ffffff-no-rj,2023-05-14T17:12:14,CORRECCI√ìN....<br>Unos 7 a√±os tienen ACOSANDONOS!!!!,0,false,0,
UgwJNIAujlqo20od9fd4AaABAg,,Zxn6d7Om21k,UCp78poAktxs4UtA0chBH5kA,@marioknudsen,https://yt3.ggpht.com/ytc/AIdro_mxmUGr-TbXVM9PNbTno_8hRvaaprsMw-WqiR4XaGFrpN8=s48-c-k-c0x00ffffff-no-rj,2023-05-08T14:02:17,"Estas mal ya en Per√∫ hay 3;500,000 venezolanos",0,false,1,
Ugym2w6_d67D3GTI6Ql4AaABAg,,Zxn6d7Om21k,UCVNkeaF5Pa8nB-HnkUsuyRA,@venanciovenecio6312,https://yt3.ggpht.com/ytc/AIdro_kW_bXWV7k4rFx3O4HSuLuPPIiF4METw-9WTio0KxCwg4CGcdBkOEn6xuHTqAYiwQcNLQ=s48-c-k-c0x00ffffff-no-rj,2023-05-07T23:58:32,"Este publireportaje fue auspiciado por la acnur ,el pago fue de varios millones para repartirse entre todos los periodistas y due√±os de canales",0,false,0,
UgwZPgvpXtfQkXSw7Op4AaABAg,,Zxn6d7Om21k,UCd0K1Pm9UhzOBMYeM0TvGMA,@LuisPomacaja-jv2pk,https://yt3.ggpht.com/ytc/AIdro_n2rg16CxxE6lD8pWH2CZsci4GUG0MTY9ZVKp4_RX3QAEH0XR7T4W2564Pl7k8XQ555Mw=s48-c-k-c0x00ffffff-no-rj,2023-05-02T09:03:55,"Ociosos, reclamones de todo, escandalosos,buscapleitos, prepotentes,viciosos,ETCETC...",0,false,0,
Ugzgaoxg_WmgNHBe7px4AaABAg,,Zxn6d7Om21k,UCQMJ5WzJzF2yPq0PFcAdX3g,@Azucena156,https://yt3.ggpht.com/ZWXrAzjktJysqiaLUFgusG_0U10K05GRoC_qBkBphDa1V3HRe1UpPFndV-bN00cIkrOHoSz2=s48-c-k-c0x00ffffff-no-rj,2023-05-01T00:58:54,Las caravanas son de venezolanos colombianos PERUANOS ecuatorianos y tambi√©n hab√≠a brasile√±os y por supuesto centro americanos,0,false,3,
UgwYKa17wh2f5Xo14k54AaABAg,,Zxn6d7Om21k,UCHAZMCRloOM14dDA0wqbufg,@Nickgrone,https://yt3.ggpht.com/ytc/AIdro_lS2vvbOQfTXtMshpilutzIguuMtMXqB6RiYQWUvVo=s48-c-k-c0x00ffffff-no-rj,2023-04-30T21:41:52,Nadie se da cuenta que es un Plan del Gobierno se Maduro... Asi se desace de todos lo habitantes que no son simpatizantes de su Gobierno y aparte el gasto es menor ya que la poblaci√≥n disminuye.. 7millones de venezolanos que ha salido de su Propio pais con esa cantidad pudieorn derrocar el gobierno chavista ...üò¢üò¢ lamentable,0,false,0,
UgyDzN4WH2c-GQf_vfF4AaABAg,,Zxn6d7Om21k,UC1Tv_OH9TU4_ghz5AWWfNsQ,@jacquegaldames1431,https://yt3.ggpht.com/ytc/AIdro_ktf9w-_Y-Ykk2WaCOrvRvto-DqwRfZrCwkWm-etOgO-lhcHcpTYkUtyPAuK6d42C4TAw=s48-c-k-c0x00ffffff-no-rj,2023-04-29T01:22:24,"Muerte de tres carabineros, una es una mujer. Y fueron venezolanos los que los asesinaron. Han herido polic√≠as y matado ciudadanos chilenos.",0,false,0,
Ugzq8aipbkUGkt3i_jh4AaABAg,,Zxn6d7Om21k,UCqYWHa11hMkkvb9NNfK7k9w,@celimarcardenas8985,https://yt3.ggpht.com/I3amLBZ6uM-jDC_sybdFFK4J4pCPMa286Ffy6WC1SKWqVn-RS7ipfLTjaSZfZNHNzT47vqtlbhw=s48-c-k-c0x00ffffff-no-rj,2023-04-28T16:38:32,"Da tristeza pueblos como Hait√≠, all√≠ no hay nada, pero, Venezuela tan rica y tan pobre a la vez, dejaron instalar el comunismo y ahora que van hacer, porque est√°n atornillados en el gobierno, que ir√° a pasar",0,false,0,
UgzoFfxwKwldaXdznCp4AaABAg,,Zxn6d7Om21k,UC-2nbtLmF88FCuw9wobS_PA,@aquilesguerrero4246,https://yt3.ggpht.com/ytc/AIdro_mfick8ZWM5v8oia28GemjZ60FIvQNKoXeRKCKuiFfLXO_5=s48-c-k-c0x00ffffff-no-rj,2023-04-28T12:55:24,"Esto se acabar√≠a si EEUU devolviera  los 30 mil millones de d√≥lares confiscados a Venezuela, adem√°s que Inglaterra devuelva el oro cofiscado por un valor de 1800 millones de d√≥lares y que se levanten las sanciones econ√≥micas. Si hasta la oposici√≥n lo est√° pidiendo, menos el payaso ü§° Guaido, que ya no es reconocido por ning√∫n pa√≠s, salvo EEUU que poco a poco lo va desechando. EEUU no tiene amigos , tiene intereses ( y Venezuela tiene reservas de petroleo).",0,false,0,
UgxyLRseim_UhFBuNXx4AaABAg,,Zxn6d7Om21k,UC4rBgbSPn22u8GfTwLnpWSw,@sandrogonzalesgalvez9380,https://yt3.ggpht.com/ytc/AIdro_lddKBk_Y_FOIiV_3HR81Vp3a0DKoSGxoBC5ocL5CDQVvdP=s48-c-k-c0x00ffffff-no-rj,2023-04-28T10:41:11,Que se queden en su pa√≠s y luchen por su libertad en vez de est√°n jodiendo a otros paises,0,false,0,
Ugwj0jPZjY7J2BukODR4AaABAg,,Zxn6d7Om21k,UC0vywlqrPl1QSz2BWIWO0WQ,@bardot392,https://yt3.ggpht.com/AIRS8o28AH1Dfq4VQQBfYxJsy4089ewhssk8eROeduigP6pmBs4gKSCgz0Nv4Zisjz4jgNgXcxw=s48-c-k-c0x00ffffff-no-rj,2023-04-27T14:13:34,Con que dinero van si dicen que en su pais no tienen nada PARA MI QUE MADURO ESTA MANDANDOLOS A DESTRUIR NUESTROS PAISES Y FINANCIANDOLOS,0,false,0,
UgxsSInVQmCb9yoPy394AaABAg,,Zxn6d7Om21k,UC67NP5_BUx2QB09YiTjOENA,@aquilespintocanales5947,https://yt3.ggpht.com/ytc/AIdro_lImVEFshLCzwKPwsKil_wI44W3fLO5VgHisdM_-Jtm5ZMsPSMXFTRot9-tSU3zW38Ftw=s48-c-k-c0x00ffffff-no-rj,2023-04-26T22:23:10,Viva el comunismo venezolano y el camarada Maduro,0,false,0,
UgweVBoYtgcFX1wdPzZ4AaABAg,,Zxn6d7Om21k,UCMsEfkm1AFmJv4LzdngDydA,@lilianalopez4597,https://yt3.ggpht.com/ytc/AIdro_nvUU3b1GlqXDHTwtK8EY19g8-Lm2AfYEju9cmAGMQ=s48-c-k-c0x00ffffff-no-rj,2023-04-26T14:59:43,Estados Unidos est√° mejor que todos los pa√≠ses ü§ó,0,false,0,
UgzgUfJ5hLaNxYsZLjN4AaABAg,,Zxn6d7Om21k,UCdPw67kcDVDA0WIpQnoOMEg,@flaviorolandoseminariofern9750,https://yt3.ggpht.com/ytc/AIdro_kLQdT_EtsqhOD1W7V0DIJ_zE1YgGDeVFfJxefFobFPKwI=s48-c-k-c0x00ffffff-no-rj,2023-04-26T14:57:50,La sobervia que carga cada uno de los venezolano hace que m√°s de un pa√≠s lo quieran y unado a esa costumbre que el pap√° gobierno le solucione su hambre,0,false,0,
UgxuEmkVf__0Grio9od4AaABAg,,Zxn6d7Om21k,UCL9lM4z3WeZ_vamLPoLJ-BQ,@pilarpoma5356,https://yt3.ggpht.com/ytc/AIdro_nyI0RmU8F6X96FyCX7wbDEWuJSjNhSMOw2FDgsmA=s48-c-k-c0x00ffffff-no-rj,2023-04-26T09:48:19,Una de las cosas que mas le molesta al gringo es que no hables su idioma y tener que repetir para que le entiendan. Cuando se harten de tanto inmigrante favil los localizan y los deportaran sin pena ni gloria.,0,false,0,
Ugww1WzWdrXTGFDYKFZ4AaABAg,,Zxn6d7Om21k,UC9SmbmU9j0gtbwuT9U6-z0g,@martinclicerioenriquezpere7816,https://yt3.ggpht.com/ytc/AIdro_kQz7gx-tuyh0RlTXd919BCCZWOh7BKo3Rl7gKsAxZaHpR4P-z6fS_OdOlRlClH5vppOw=s48-c-k-c0x00ffffff-no-rj,2023-04-26T09:36:14,"Ay una profecia de los judios,q seran esparcido por todo el mundo(algunos venezolanos son descendientes judiios)",0,false,0,
UgwfcxVVRBMVVHCf8Lp4AaABAg,,Zxn6d7Om21k,UCzGIKNfS31cG0gD-JLtfsvA,@rominasantibanez4592,https://yt3.ggpht.com/ytc/AIdro_lTiPG0nGeDjSU_Ymp6M01PQ8zW0YEfKZZXfogjuC4=s48-c-k-c0x00ffffff-no-rj,2023-04-26T09:11:21,"La pura caga con los migrantes y nuestro pais  de hace mas de 10 a√±os no nos han podido frenar ni tener un plan adecuado para esto, chile antes no es que no pasaran cosas malas con los  delincuentes pero no al nivel que hoy esta y las autoridades y gobiernos de turno no supieron hacer freno todo lo contrario hicieron caso omiso..... antes no se ve√≠a sicariato eso era lejano o el que andaba en weas malas y lo mataban bueno se lo busco pero hoy por 500 lucas o menos mandas a matar y quien hace la pega un extranjero es cuatico asi no se puede vivir !!! solo en este caso me pregunto que pasaria si pinochet estuviera vivo jajajjajaja quedaria la pura caga jajjajaja pero como murio mientras tanto la gente chilena y trabajadora a encerrarse  no queda de otra !!!!!",0,false,0,
UgxuGOfjFT_jIlUY47V4AaABAg,,Zxn6d7Om21k,UCj9wLOOGukRXVbAvNh-1IWA,@gerardopineda8962,https://yt3.ggpht.com/ytc/AIdro_kwMhey5JdSyzhKhjFH9ds8uuPES52OSxeheUOC0Yc=s48-c-k-c0x00ffffff-no-rj,2023-04-26T03:15:43,Hasta cuando lo que llega a usa üá∫üá∏ en su mayor√≠a es gente que viene a pedir y a exigir,0,false,0,
UgyN90SxC8ypn7uRaHt4AaABAg,,Zxn6d7Om21k,UCnubpeETUtHDqJFcQ9y3dYg,@abel82,https://yt3.ggpht.com/ytc/AIdro_mC5VYh2IHYUsJv4LOvwgcElDj_wBHd2EINz6B6lNVf_bo=s48-c-k-c0x00ffffff-no-rj,2023-04-26T01:14:32,Salieron todos despavoridos de Chile con gran apuro a cruzar nuevamente para Per√∫. Y a toda la gente que han matado y estafado en Per√∫ que ???? Que est√° haciendo el gobierno peruano y LOS MISMOS peruanos ??? Algo ???,0,false,1,
UgzFpqI5FeVR5UJw6Pt4AaABAg,,Zxn6d7Om21k,UCcJQFgrkNgGLiReb5ycQaJQ,@hermanseguiluz61,https://yt3.ggpht.com/0iCxwlmryk8ikv5ZRMN0xwiMVzsP570RmmMZHznijRX1q0IJGWC1sNes7AagISYtv4STCNUPzA=s48-c-k-c0x00ffffff-no-rj,2023-04-25T20:33:05,Al Per√∫ vinieron x los Rolex..,0,false,0,
UgwJNIAujlqo20od9fd4AaABAg.9pSy0Y1XWtU9ujb7pXHXs9,UgwJNIAujlqo20od9fd4AaABAg,Zxn6d7Om21k,UClc0End3tj0N348z1-EEhVg,@cazaputas.42,https://yt3.ggpht.com/BEJhsy8vM4EolUm3yiV_DBZLa8OkDb6FNHnGbEukfGu-q_ajAXN_pOBWsAc2cr3yJFkK9c_BpOg=s48-c-k-c0x00ffffff-no-rj,2023-09-16T17:05:37,"y en Colombia la cifra debe ser 8 a 10 millones, Chile son 2 millones, sumado al resto de paises facil puedes sumarle 1.8 millones",0,true,,
UgyUQnG8JbRYBVjyZup4AaABAg.9pAe8II4BrP9umrpARllYi,UgyUQnG8JbRYBVjyZup4AaABAg,Zxn6d7Om21k,UCWttKOXnVyXnCxNdICFNPUw,@vanevane2755,https://yt3.ggpht.com/ytc/AIdro_mm8IFdk53WmNe6i4tLORLN8sPIVDhzwYR49Lk2T8Y=s48-c-k-c0x00ffffff-no-rj,2023-09-17T23:29:12,"ONU es parte de estas Migraciones, las financia",0,true,,
Ugzgaoxg_WmgNHBe7px4AaABAg.9p9Xnh-zO-69ujaepaRHMS,Ugzgaoxg_WmgNHBe7px4AaABAg,Zxn6d7Om21k,UClc0End3tj0N348z1-EEhVg,@cazaputas.42,https://yt3.ggpht.com/BEJhsy8vM4EolUm3yiV_DBZLa8OkDb6FNHnGbEukfGu-q_ajAXN_pOBWsAc2cr3yJFkK9c_BpOg=s48-c-k-c0x00ffffff-no-rj,2023-09-16T17:01:31,@@calinn17 porque los Peruanos se creen que viven en un oasis y que todo esta bien alli,0,true,,
Ugzgaoxg_WmgNHBe7px4AaABAg.9p9Xnh-zO-69x4sknzIj8J,Ugzgaoxg_WmgNHBe7px4AaABAg,Zxn6d7Om21k,UCFEyqeXkBN7XViEW04SykZA,@gracezevallosl4740,https://yt3.ggpht.com/ytc/AIdro_klpB_vtuV-qwgGbMVPTdCafNgDcPNs2mAF8cjbIGU=s48-c-k-c0x00ffffff-no-rj,2023-11-14T01:45:42,TIENES ALGO CO TRA LOS PERUANOS ? DEQUE NACIONALIDAD ERES Y DONDE RESIDES PARA PODER OPINAR SOVRE TU PERSONA.TODO EL MUNDO TIENE DERECHO A EMIGRAR  PARA MEJORAR SU STATUS DE VIDA.,0,true,,
Ugz44lyBg8fjyJ-wPxt4AaABAg.9p8euf7PoYk9umrm6zv6t1,Ugz44lyBg8fjyJ-wPxt4AaABAg,Zxn6d7Om21k,UCWttKOXnVyXnCxNdICFNPUw,@vanevane2755,https://yt3.ggpht.com/ytc/AIdro_mm8IFdk53WmNe6i4tLORLN8sPIVDhzwYR49Lk2T8Y=s48-c-k-c0x00ffffff-no-rj,2023-09-17T23:28:47,Sii. A los delincuentes venecos le dan todo,0,true,,
Ugyc4B6AZUifJ9Z0WHp4AaABAg.9oz-yyu0HXb9pDdo829eM0,Ugyc4B6AZUifJ9Z0WHp4AaABAg,Zxn6d7Om21k,UCQOWf52QzrzMyz3VJjTpsTw,@barbarafarfan9710,https://yt3.ggpht.com/ytc/AIdro_kvjSq_hFsKWGbP5f5O7Op8QsNMsQ6s1Dm4NB9jN_o=s48-c-k-c0x00ffffff-no-rj,2023-05-02T15:17:05,Van en masa a donde les esten dando gratis porque de trabajo poco,0,true,,
Ugyc4B6AZUifJ9Z0WHp4AaABAg.9oz-yyu0HXb9v4vNxBwsHN,Ugyc4B6AZUifJ9Z0WHp4AaABAg,Zxn6d7Om21k,UCyzf08wn6-RlBO_7MLlP7hw,@blu9706,https://yt3.ggpht.com/yp8DDMgZ2ddeTWLLHD68c6MUHoRZMR0nJ8xpmR-jSqHb_aBWR1JdNzOIzyp3Sk0ofwdyc1CJRB8=s48-c-k-c0x00ffffff-no-rj,2023-09-25T09:05:52,"Se van a Usa, haber si los mantienen los gringos, porque les gusta es robar, son abusivos, donde van quieren apropiarse del pa√≠s y mandar, en Colombia se jodieron, los estan sacando de todo lado, por ladrones....en chile, peru, ecuador tambien...",0,true,,
Ugy2bMY5WLNlHg3oRf94AaABAg.9oyW3gPkcxH9pBg9hK6xy0,Ugy2bMY5WLNlHg3oRf94AaABAg,Zxn6d7Om21k,UCv3ENkQEuyPhwYfX4OOUhUQ,@karimgianinabarbierimedina3114,https://yt3.ggpht.com/84hv5Jx6Q3Xb2t8LEoMFmAN19w4HLmD0-cqNHE2vEUkEG7zuBu1aOo3GjBhc3Z6GdOwiamL5QA=s48-c-k-c0x00ffffff-no-rj,2023-05-01T20:59:09,Europa es peor en controles,0,true,,
UgzchSkAibfO8C1VgEF4AaABAg.9oxISYBkErg9pZtpuIG59p,UgzchSkAibfO8C1VgEF4AaABAg,Zxn6d7Om21k,UCl1gEti-VuBrG7JsfolivvQ,@tersgredf8017,https://yt3.ggpht.com/ytc/AIdro_mglSGNWk20-HpB6wp4hDTlkjSknX7Mob79E28e-oGndr22p_2wSbntTBphlxeuIcZhlA=s48-c-k-c0x00ffffff-no-rj,2023-05-11T06:40:25,";<br>Se les dijo una y mil veces no les den trabajo, no les alquilen  no sean sus amigos...ahora a todos los que les dieron trabajo los est√°n secuestrando o los est√°n extorsi√≥nando.;<br>;",0,true,,
UgzchSkAibfO8C1VgEF4AaABAg.9oxISYBkErg9plu4VqicY2,UgzchSkAibfO8C1VgEF4AaABAg,Zxn6d7Om21k,UCl1gEti-VuBrG7JsfolivvQ,@tersgredf8017,https://yt3.ggpht.com/ytc/AIdro_mglSGNWk20-HpB6wp4hDTlkjSknX7Mob79E28e-oGndr22p_2wSbntTBphlxeuIcZhlA=s48-c-k-c0x00ffffff-no-rj,2023-05-16T07:52:41,";<br>Se les dijo una y mil veces no les den trabajo, no les alquilen  no sean sus amigos...ahora a todos los que les dieron trabajo los est√°n secuestrando o los est√°n extorsi√≥nando;<br><br>;",0,true,,
UgzchSkAibfO8C1VgEF4AaABAg.9oxISYBkErg9s9jQAFCBEv,UgzchSkAibfO8C1VgEF4AaABAg,Zxn6d7Om21k,UCRm1NNQ_WhG1ql1_swTEHsw,@AxelFoley0,https://yt3.ggpht.com/ytc/AIdro_n1bUQT7obU6BOWVaszz6zPEjyoz2fCFj50evFFJA=s48-c-k-c0x00ffffff-no-rj,2023-07-14T16:23:19,"te refiere a la clase de gente que son los peruanos que estan en argentina, chile, espa√±a, eeuu, entre otros?",0,true,,
UgzchSkAibfO8C1VgEF4AaABAg.9oxISYBkErg9v4uIvQSOV6,UgzchSkAibfO8C1VgEF4AaABAg,Zxn6d7Om21k,UCyzf08wn6-RlBO_7MLlP7hw,@blu9706,https://yt3.ggpht.com/yp8DDMgZ2ddeTWLLHD68c6MUHoRZMR0nJ8xpmR-jSqHb_aBWR1JdNzOIzyp3Sk0ofwdyc1CJRB8=s48-c-k-c0x00ffffff-no-rj,2023-09-25T08:56:26,"De acuerdo, vienen es robar y a matar, quien sabe sin E.U, se los aguanten...",0,true,,
UgxL82RCCic5gqWBjwZ4AaABAg.9oxE0nB0P1F9oyRCvBP7DR,UgxL82RCCic5gqWBjwZ4AaABAg,Zxn6d7Om21k,UCl1gEti-VuBrG7JsfolivvQ,@tersgredf8017,https://yt3.ggpht.com/ytc/AIdro_mglSGNWk20-HpB6wp4hDTlkjSknX7Mob79E28e-oGndr22p_2wSbntTBphlxeuIcZhlA=s48-c-k-c0x00ffffff-no-rj,2023-04-26T08:10:25,@@b.barcena8699       ;  ;  ;&#39; &#39;  todooh veneehh en peruuuAZEZINARLO apenasLOSveannn!!<br> <br>&#39; &#39;,0,true,,
UgxL82RCCic5gqWBjwZ4AaABAg.9oxE0nB0P1F9oyaZcQbf7B,UgxL82RCCic5gqWBjwZ4AaABAg,Zxn6d7Om21k,UCw5C_PKjNh1GN3WYZuxPuSQ,@jorgebellidolavado6382,https://yt3.ggpht.com/ytc/AIdro_k9qoKv_-vr-s6shmAQJg4pKrYlnvo6LwR-VFh_0Tw=s48-c-k-c0x00ffffff-no-rj,2023-04-26T09:40:54,Seguro chida no es venezolano/a,0,true,,
UgzO5hZo7mfPw6fFOxx4AaABAg.9ox6r87aKd_9oyRAmCVgcI,UgzO5hZo7mfPw6fFOxx4AaABAg,Zxn6d7Om21k,UCl1gEti-VuBrG7JsfolivvQ,@tersgredf8017,https://yt3.ggpht.com/ytc/AIdro_mglSGNWk20-HpB6wp4hDTlkjSknX7Mob79E28e-oGndr22p_2wSbntTBphlxeuIcZhlA=s48-c-k-c0x00ffffff-no-rj,2023-04-26T08:10:07,@@XDXd-oc4qn       &#39;  &#39; &#39; &#39; &#39;  todooh veneehh en peruuuAZEZINARLO apenasLOSveannn!! &#39;  &#39;,0,true,,
UgyfiiD_AZrQplDdqOB4AaABAg.9oxmXQdIOGH9p0pqWitB6t,UgyfiiD_AZrQplDdqOB4AaABAg,Zxn6d7Om21k,UCN_n3BXbJ2f8e74nbUUiZHA,@JuanRojas-vf3zs,https://yt3.ggpht.com/ytc/AIdro_nk9SqOPtVHd0RSDcEC_-3iFjbGF101-taqSF8GxHCQ6Q=s48-c-k-c0x00ffffff-no-rj,2023-04-27T15:52:08,"Claro que hay futuro... para el que viene a trabajar duro. Si tienes hijos, ac√° se te van a convertir en drogadictos y delincuentes, y si tienes hijas entonces saldr√°n embarazadas a los 13 a√±os, y si tienes esposa lo mas probable es que en menos de 10 a√±os te cambie por otro. Pi√©nsalo bien, es ese el futuro que deseas para tu familia?",0,true,,
UgyfiiD_AZrQplDdqOB4AaABAg.9oxmXQdIOGH9v4uuaR8QVN,UgyfiiD_AZrQplDdqOB4AaABAg,Zxn6d7Om21k,UCyzf08wn6-RlBO_7MLlP7hw,@blu9706,https://yt3.ggpht.com/yp8DDMgZ2ddeTWLLHD68c6MUHoRZMR0nJ8xpmR-jSqHb_aBWR1JdNzOIzyp3Sk0ofwdyc1CJRB8=s48-c-k-c0x00ffffff-no-rj,2023-09-25T09:01:43,"Pues ojala los Venezolanos les vaya bien en Usa, para que no vuelvan NUNC√Å, a Latinoamerica.",0,true,,
UgxfhWo2cvNmPAiVfh94AaABAg.9oxB4OuA1ys9p0CG2Lvokh,UgxfhWo2cvNmPAiVfh94AaABAg,Zxn6d7Om21k,UCU_fV2WwT_kPs0rVscNYjAw,@XXL-jh9ff,https://yt3.ggpht.com/ytc/AIdro_k5LLs1XW4c8lOzGmvoWfmM1NNpPr9TR2OQnjeizLV1no64V9VAl-J3dX4UPpkd4JsAhg=s48-c-k-c0x00ffffff-no-rj,2023-04-27T09:57:30,amor con n hambre no dura,0,true,,
UgxfhWo2cvNmPAiVfh94AaABAg.9oxB4OuA1ys9p5OtEy6l1t,UgxfhWo2cvNmPAiVfh94AaABAg,Zxn6d7Om21k,UCxQyg2uXwzp6NUVnMu3dJAw,@lodetony1326,https://yt3.ggpht.com/N220ZWsIbtC47d77iYCpkuL0hJe_Bs1yWB_6HrT9jLooD15Go6BT3581iqjFCyf8KjhGe4zG=s48-c-k-c0x00ffffff-no-rj,2023-04-29T10:24:02,"Y eso afecta a otros pa√≠ses, en Per√∫ ya estamos cansados de ellos, en vez de hacer el bien, hacen m√°s da√±o de lo que ya ten√≠amos...üò¢",0,true,,
UgxfhWo2cvNmPAiVfh94AaABAg.9oxB4OuA1ys9pBfikVwZwB,UgxfhWo2cvNmPAiVfh94AaABAg,Zxn6d7Om21k,UCv3ENkQEuyPhwYfX4OOUhUQ,@karimgianinabarbierimedina3114,https://yt3.ggpht.com/84hv5Jx6Q3Xb2t8LEoMFmAN19w4HLmD0-cqNHE2vEUkEG7zuBu1aOo3GjBhc3Z6GdOwiamL5QA=s48-c-k-c0x00ffffff-no-rj,2023-05-01T20:55:20,"Que los acojan los pa√≠ses comunistas , argentina, chile, colombia todos esos presidentes amigos de maduro q ellos  los reciban",0,true,,
UgxfhWo2cvNmPAiVfh94AaABAg.9oxB4OuA1ys9pCyydx7Mps,UgxfhWo2cvNmPAiVfh94AaABAg,Zxn6d7Om21k,UCd0K1Pm9UhzOBMYeM0TvGMA,@LuisPomacaja-jv2pk,https://yt3.ggpht.com/ytc/AIdro_n2rg16CxxE6lD8pWH2CZsci4GUG0MTY9ZVKp4_RX3QAEH0XR7T4W2564Pl7k8XQ555Mw=s48-c-k-c0x00ffffff-no-rj,2023-05-02T09:02:46,"Ociosos,reclamones de todo,escandalosos,viciosos, prepotentes ETC ETC...",0,true,,
UgxfhWo2cvNmPAiVfh94AaABAg.9oxB4OuA1ys9pbJ-OH06U5,UgxfhWo2cvNmPAiVfh94AaABAg,Zxn6d7Om21k,UCv3ENkQEuyPhwYfX4OOUhUQ,@karimgianinabarbierimedina3114,https://yt3.ggpht.com/84hv5Jx6Q3Xb2t8LEoMFmAN19w4HLmD0-cqNHE2vEUkEG7zuBu1aOo3GjBhc3Z6GdOwiamL5QA=s48-c-k-c0x00ffffff-no-rj,2023-05-12T05:07:31,"@@tersgredf8017 no todos son as√≠, pero la mayor√≠a si. El tema aqu√≠ es que la migraci√≥n en todo pa√≠s debe ser regular y que un pa√≠s pobre no puede dejar morir a sus pobres para darle de comer a pobre ajeno",0,true,,
UgxfhWo2cvNmPAiVfh94AaABAg.9oxB4OuA1ys9pf5i2KUEqL,UgxfhWo2cvNmPAiVfh94AaABAg,Zxn6d7Om21k,UCkc7bKR65W65QCaWAOXfnCA,@ricardocampos7693,https://yt3.ggpht.com/ytc/AIdro_kd7ie49LeDOq_pvG8foqJhp-PBja5IEqj2h8ZP4_w=s48-c-k-c0x00ffffff-no-rj,2023-05-13T16:28:23,Que comentario para m√°s desubicado,0,true,,
UgxfhWo2cvNmPAiVfh94AaABAg.9oxB4OuA1ys9pfN_U3JogL,UgxfhWo2cvNmPAiVfh94AaABAg,Zxn6d7Om21k,UCd0K1Pm9UhzOBMYeM0TvGMA,@LuisPomacaja-jv2pk,https://yt3.ggpht.com/ytc/AIdro_n2rg16CxxE6lD8pWH2CZsci4GUG0MTY9ZVKp4_RX3QAEH0XR7T4W2564Pl7k8XQ555Mw=s48-c-k-c0x00ffffff-no-rj,2023-05-13T19:04:30,Venezolno en alem√°n?<br>AJJJJJJJJ,0,true,,
UgxfhWo2cvNmPAiVfh94AaABAg.9oxB4OuA1ys9plu62qHWfY,UgxfhWo2cvNmPAiVfh94AaABAg,Zxn6d7Om21k,UCl1gEti-VuBrG7JsfolivvQ,@tersgredf8017,https://yt3.ggpht.com/ytc/AIdro_mglSGNWk20-HpB6wp4hDTlkjSknX7Mob79E28e-oGndr22p_2wSbntTBphlxeuIcZhlA=s48-c-k-c0x00ffffff-no-rj,2023-05-16T07:52:53,";<br>Se les dijo una y mil veces no les den trabajo, no les alquilen  no sean sus amigos...ahora a todos los que les dieron trabajo los est√°n secuestrando o los est√°n extorsi√≥nando<br>;;<br><br>;",0,true,,
UgxfhWo2cvNmPAiVfh94AaABAg.9oxB4OuA1ys9sAEaokGLTB,UgxfhWo2cvNmPAiVfh94AaABAg,Zxn6d7Om21k,UCuTgf35qSETlQN0M17BKTKA,@marcosmoreira7034,https://yt3.ggpht.com/ytc/AIdro_mCcv0fvpOG93NnpYPVtpVI1WLeXS-p5OyaSxGS0Bk=s48-c-k-c0x00ffffff-no-rj,2023-07-14T21:04:32,Verdad. Los venezolanos deber√≠an luchar por su pa√≠s y no hacer inmigraci√≥n masiva ilegal a todos pa√≠ses. En Brasil estamos hartos de la presencia de esta gente.,0,true,,
UgxfhWo2cvNmPAiVfh94AaABAg.9oxB4OuA1ys9z1RH8pKX8e,UgxfhWo2cvNmPAiVfh94AaABAg,Zxn6d7Om21k,UC9X7_IA3eHb429MTm_SNMfQ,@VicenteAlvarado-eb9zi,https://yt3.ggpht.com/ytc/AIdro_kzvqBzC6fY6zA6uGYray-m98W0rLkFN-UBKQZGT0pe5rCZwKob-WW8VOH_U81sHWX3tg=s48-c-k-c0x00ffffff-no-rj,2024-01-01T10:41:54,Es porque aman el dinero se afanan por lo material,0,true,,
UgzNbyG1dFTDbbbwEmR4AaABAg.9owwEgfG2vD9oxI_CoDypb,UgzNbyG1dFTDbbbwEmR4AaABAg,Zxn6d7Om21k,UCvHzV-cuej9ulaOReEvfzQQ,@h_fernand,https://yt3.ggpht.com/ytc/AIdro_mqbin83YSQTcbHQkbOe7mIZ0H4iozCdsafO0znqJg=s48-c-k-c0x00ffffff-no-rj,2023-04-25T21:35:43,"@@manuelhidalgo951 Danos las cifras y tu fuente, troll",0,true,,
UgzNbyG1dFTDbbbwEmR4AaABAg.9owwEgfG2vD9ozs7o6_XXI,UgzNbyG1dFTDbbbwEmR4AaABAg,Zxn6d7Om21k,UCJ4ce9xg84GS_9J6BF0xCMA,@jackvelasquez4654,https://yt3.ggpht.com/ytc/AIdro_nSPX_a0j_2Rko19PkIeosMyj9idUUXTTsHnuPagL0=s48-c-k-c0x00ffffff-no-rj,2023-04-26T21:33:38,A vender drog...,0,true,,
UgzNbyG1dFTDbbbwEmR4AaABAg.9owwEgfG2vD9ykQxXutg_c,UgzNbyG1dFTDbbbwEmR4AaABAg,Zxn6d7Om21k,UC-UKT2b5U5S1uoHG4oxGTww,@damianherrera1533,https://yt3.ggpht.com/bVz7hJ9R15u-cD9-tiFz325I11ZGQEzghdkTy-RzlIUjvDL_rcBYou0Ly5K0WFevZ-waCJPeOw=s48-c-k-c0x00ffffff-no-rj,2023-12-25T10:52:46,Soy venezolano agradecido con el ecuador gracias a Dios estoy en EEUU trabajando duro aqu√≠ estan llegando muchos peruanos y Colombianos..todos somos pana ....,0,true,,
UgyBf3F44FN4CCAi5YJ4AaABAg.9oygdoT1GVR9qgJh-uzzLr,UgyBf3F44FN4CCAi5YJ4AaABAg,Zxn6d7Om21k,UCVwTD-1I-A6PWD-g4d8yZEg,@rascapie69,https://yt3.ggpht.com/frrt32aAlTBetAg-r-TaZ8cEeQ7N_SfojLSga1rhPgS8KLpVNAC6Z4zsaCk2S_nPeQTKJgybWQ=s48-c-k-c0x00ffffff-no-rj,2023-06-08T00:21:13,"As√≠ son esos weones por donde vivo est√°n mendigando y robando, uno que otro trabaja pero de mala gana.",0,true,,
UgzO5hZo7mfPw6fFOxx4AaABAg.9ox6r87aKd_9pRS_14xd0Z,UgzO5hZo7mfPw6fFOxx4AaABAg,Zxn6d7Om21k,UCVNkeaF5Pa8nB-HnkUsuyRA,@venanciovenecio6312,https://yt3.ggpht.com/ytc/AIdro_kW_bXWV7k4rFx3O4HSuLuPPIiF4METw-9WTio0KxCwg4CGcdBkOEn6xuHTqAYiwQcNLQ=s48-c-k-c0x00ffffff-no-rj,2023-05-07T23:59:31,"Estos periodistas est√°n pagados por la acnur ,es obvio su discursillo pro migracion",0,true,,
UgzO5hZo7mfPw6fFOxx4AaABAg.9ox6r87aKd_9plu5H9H9LR,UgzO5hZo7mfPw6fFOxx4AaABAg,Zxn6d7Om21k,UCl1gEti-VuBrG7JsfolivvQ,@tersgredf8017,https://yt3.ggpht.com/ytc/AIdro_mglSGNWk20-HpB6wp4hDTlkjSknX7Mob79E28e-oGndr22p_2wSbntTBphlxeuIcZhlA=s48-c-k-c0x00ffffff-no-rj,2023-05-16T07:52:47,";<br>Se les dijo una y mil veces no les den trabajo, no les alquilen  no sean sus amigos...ahora a todos los que les dieron trabajo los est√°n secuestrando o los est√°n extorsi√≥nando;<br>;<br>;",0,true,,
UgzO5hZo7mfPw6fFOxx4AaABAg.9ox6r87aKd_9s9j_uWEg8s,UgzO5hZo7mfPw6fFOxx4AaABAg,Zxn6d7Om21k,UCRm1NNQ_WhG1ql1_swTEHsw,@AxelFoley0,https://yt3.ggpht.com/ytc/AIdro_n1bUQT7obU6BOWVaszz6zPEjyoz2fCFj50evFFJA=s48-c-k-c0x00ffffff-no-rj,2023-07-14T16:24:47,"@@lavieja7938 eso mismo pasa con todos los paises que han tenido cultura de migracion, por lo menos con los latinoamericanos, ninguno se salva",0,true,,
UgzO5hZo7mfPw6fFOxx4AaABAg.9ox6r87aKd_A2ceeV9wA5C,UgzO5hZo7mfPw6fFOxx4AaABAg,Zxn6d7Om21k,UCMf5FbWc_bsCzaT0_jKTnew,@dannyoooung,https://yt3.ggpht.com/ytc/AIdro_nHbkSxmwzDHMw8cYjcjHyZODedywmegRvH8N31gXnX0HE=s48-c-k-c0x00ffffff-no-rj,2024-04-24T17:04:17,Hablando por todos t√∫ tambi√©n,0,true,,
UgyBf3F44FN4CCAi5YJ4AaABAg.9oygdoT1GVR9qdMeLrqyRG,UgyBf3F44FN4CCAi5YJ4AaABAg,Zxn6d7Om21k,UCWttKOXnVyXnCxNdICFNPUw,@vanevane2755,https://yt3.ggpht.com/ytc/AIdro_mm8IFdk53WmNe6i4tLORLN8sPIVDhzwYR49Lk2T8Y=s48-c-k-c0x00ffffff-no-rj,2023-06-06T20:49:21,Todos son delincuentes,0,true,,
UgztdDwhqZuV1tPpuFd4AaABAg.9p0CXY4zp_X9p7ykYbPSNN,UgztdDwhqZuV1tPpuFd4AaABAg,Zxn6d7Om21k,UCHSZaUY_aeQOUYYtpMf-3IQ,@marthaorellana9026,https://yt3.ggpht.com/ytc/AIdro_k18TQOefWzLa5SvdJmEE0dDZLfk4am4CaTqv-UUpCP4ll3lucs6Ttsxlbnh6UOy4Y8dw=s48-c-k-c0x00ffffff-no-rj,2023-04-30T10:24:39,@XXL¬† y de que pais eres  tu   ??? ....mira si trabajas como los peruanos lo hacen sacandose el jugo y eres sacrificado constante permanente guerrero asi como los peruanos  entonces tendras EXITO Y deja la envidea que te llevara a la locura corrijete Suerte,0,true,,
UgztdDwhqZuV1tPpuFd4AaABAg.9p0CXY4zp_X9pEGxopYKMY,UgztdDwhqZuV1tPpuFd4AaABAg,Zxn6d7Om21k,UCU_fV2WwT_kPs0rVscNYjAw,@XXL-jh9ff,https://yt3.ggpht.com/ytc/AIdro_k5LLs1XW4c8lOzGmvoWfmM1NNpPr9TR2OQnjeizLV1no64V9VAl-J3dX4UPpkd4JsAhg=s48-c-k-c0x00ffffff-no-rj,2023-05-02T21:07:56,"@@jessicariquelme3483 esa la √∫nica manera de sobrevivir en Per√∫, en la informalidad y eso la sabes tu muy bien como peruano",0,true,,
UgztdDwhqZuV1tPpuFd4AaABAg.9p0CXY4zp_X9pWJNciDk3o,UgztdDwhqZuV1tPpuFd4AaABAg,Zxn6d7Om21k,UCU_fV2WwT_kPs0rVscNYjAw,@XXL-jh9ff,https://yt3.ggpht.com/ytc/AIdro_k5LLs1XW4c8lOzGmvoWfmM1NNpPr9TR2OQnjeizLV1no64V9VAl-J3dX4UPpkd4JsAhg=s48-c-k-c0x00ffffff-no-rj,2023-05-09T21:15:24,@@JoseManuel-vm7zd ??????????????????ü§îü§îü§î,0,true,,
UgztdDwhqZuV1tPpuFd4AaABAg.9p0CXY4zp_X9pa43aPRQRs,UgztdDwhqZuV1tPpuFd4AaABAg,Zxn6d7Om21k,UCVSbwHxzNTtuE-Hpod9Ykhg,@calinn17,https://yt3.ggpht.com/ytc/AIdro_mzhaWPC_j3U-SKmaIixowNNu9WIKdl0BFG3tadBoKTFQ=s48-c-k-c0x00ffffff-no-rj,2023-05-11T17:37:47,"La gente en el Peru trabaja en la informalidad por que quieren, porque les conviene, porque no quieren pagar impuestos , etc... pero trabajo si hay",0,true,,
UgztdDwhqZuV1tPpuFd4AaABAg.9p0CXY4zp_X9pa8W0Bp4mU,UgztdDwhqZuV1tPpuFd4AaABAg,Zxn6d7Om21k,UCU_fV2WwT_kPs0rVscNYjAw,@XXL-jh9ff,https://yt3.ggpht.com/ytc/AIdro_k5LLs1XW4c8lOzGmvoWfmM1NNpPr9TR2OQnjeizLV1no64V9VAl-J3dX4UPpkd4JsAhg=s48-c-k-c0x00ffffff-no-rj,2023-05-11T18:16:37,"@@calinn17 trabajo si hay pero trabajando mas de 12 horas, pagando salario m√≠nimo y que solo alcanza para pagar alquiler, servicios, pasaje y comida, sale mejor trabajar de ambulante, por eso el 70% de los peruanos trabajan en la econo mia informal.",0,true,,
UgztdDwhqZuV1tPpuFd4AaABAg.9p0CXY4zp_X9pbqX5GVBLj,UgztdDwhqZuV1tPpuFd4AaABAg,Zxn6d7Om21k,UCVSbwHxzNTtuE-Hpod9Ykhg,@calinn17,https://yt3.ggpht.com/ytc/AIdro_mzhaWPC_j3U-SKmaIixowNNu9WIKdl0BFG3tadBoKTFQ=s48-c-k-c0x00ffffff-no-rj,2023-05-12T10:09:13,"Hombre no sabes lo que dices, yo trabajo en USA y aqui trabajo 14 o 15 hasta 16 horas diarias para ganar lo suficiente para subsistir, crees que venirte a USA te va a exhimir de trabajar duro?? Jajajaja estas muy equivocado.. eso del sue≈Ño americano de trabajar poquito y ganar mucho ya se acabo hace a≈Ños.. aqui vienes a trabajar brother... ten eso en mente cada vez que reniegues de lo que puedes hacer en tu pais.",0,true,,
UgztdDwhqZuV1tPpuFd4AaABAg.9p0CXY4zp_X9pbtD8J1vU-,UgztdDwhqZuV1tPpuFd4AaABAg,Zxn6d7Om21k,UCU_fV2WwT_kPs0rVscNYjAw,@XXL-jh9ff,https://yt3.ggpht.com/ytc/AIdro_k5LLs1XW4c8lOzGmvoWfmM1NNpPr9TR2OQnjeizLV1no64V9VAl-J3dX4UPpkd4JsAhg=s48-c-k-c0x00ffffff-no-rj,2023-05-12T10:32:43,@@calinn17 si vive mejor que en Latinoam√©rica,0,true,,
UgztdDwhqZuV1tPpuFd4AaABAg.9p0CXY4zp_X9tpzxkLUQZb,UgztdDwhqZuV1tPpuFd4AaABAg,Zxn6d7Om21k,UC-GZnxUmje72LjghObxfKgA,@Pablosergio91,https://yt3.ggpht.com/ytc/AIdro_mBMFtTlZ89teInIJ-cPU7KgBQoU4FR2D9Ymr904sSq6g=s48-c-k-c0x00ffffff-no-rj,2023-08-25T08:06:36,En cualquiera de los pa√≠ses que mencionaste te vas a tener que romper bien el oje** si quer√©s vivir m√°s o menos bien y progresar un poquito. En ning√∫n lugar te van a regalar nada.,0,true,,
UgztdDwhqZuV1tPpuFd4AaABAg.9p0CXY4zp_X9u_leKADYvg,UgztdDwhqZuV1tPpuFd4AaABAg,Zxn6d7Om21k,UCeTlaFvOv_uejqxy4n3DbeQ,@elcosinerofuosantiag,https://yt3.ggpht.com/ytc/AIdro_kfbeibi-4C6U3HlNqxkTnDBhmvGgi8OKYjLjuxfGQgU6o=s48-c-k-c0x00ffffff-no-rj,2023-09-12T21:25:09,Si quier un peruano venir a chile siempre ser√° bien venido. Son buenas personas. No delincuentes como lo son los venezolanos.,0,true,,
UgztdDwhqZuV1tPpuFd4AaABAg.9p0CXY4zp_X9u_mwBtV5Br,UgztdDwhqZuV1tPpuFd4AaABAg,Zxn6d7Om21k,UCU_fV2WwT_kPs0rVscNYjAw,@XXL-jh9ff,https://yt3.ggpht.com/ytc/AIdro_k5LLs1XW4c8lOzGmvoWfmM1NNpPr9TR2OQnjeizLV1no64V9VAl-J3dX4UPpkd4JsAhg=s48-c-k-c0x00ffffff-no-rj,2023-09-12T21:36:20,@@elcosinerofuosantiag Atentamente un chileno que fue victima de la banda peruana los pulpos que mantiene azotada a los habitantes de Santiago,0,true,,
UgztdDwhqZuV1tPpuFd4AaABAg.9p0CXY4zp_X9ykRHBtKQ8j,UgztdDwhqZuV1tPpuFd4AaABAg,Zxn6d7Om21k,UC-UKT2b5U5S1uoHG4oxGTww,@damianherrera1533,https://yt3.ggpht.com/bVz7hJ9R15u-cD9-tiFz325I11ZGQEzghdkTy-RzlIUjvDL_rcBYou0Ly5K0WFevZ-waCJPeOw=s48-c-k-c0x00ffffff-no-rj,2023-12-25T10:55:35,‚Äã@@marthaorellana9026amiga aqu√≠ en EEUU han llegado muchos peruano ello me dicen q el peru esta fuerte .....soy venezolano estoy agradecido con el ecuador..con lo q pude ahorrar llegue a los EEUU,0,true,,
UgztdDwhqZuV1tPpuFd4AaABAg.9p0CXY4zp_X9ykYonWrBtH,UgztdDwhqZuV1tPpuFd4AaABAg,Zxn6d7Om21k,UCHSZaUY_aeQOUYYtpMf-3IQ,@marthaorellana9026,https://yt3.ggpht.com/ytc/AIdro_k18TQOefWzLa5SvdJmEE0dDZLfk4am4CaTqv-UUpCP4ll3lucs6Ttsxlbnh6UOy4Y8dw=s48-c-k-c0x00ffffff-no-rj,2023-12-25T12:01:29,@@damianherrera1533 Mira has el favor de no estar mintiendo y comportate y suerte,0,true,,
UgztdDwhqZuV1tPpuFd4AaABAg.9p0CXY4zp_X9ykcccHrE0Y,UgztdDwhqZuV1tPpuFd4AaABAg,Zxn6d7Om21k,UC-UKT2b5U5S1uoHG4oxGTww,@damianherrera1533,https://yt3.ggpht.com/bVz7hJ9R15u-cD9-tiFz325I11ZGQEzghdkTy-RzlIUjvDL_rcBYou0Ly5K0WFevZ-waCJPeOw=s48-c-k-c0x00ffffff-no-rj,2023-12-25T12:43:30,@@marthaorellana9026 no tengo xq mentir ....tengo amigos peruano.tamto as√≠ ..q le he prestado dinero .....,0,true,,
UgyBf3F44FN4CCAi5YJ4AaABAg.9oygdoT1GVR9v4ugwRyYIv,UgyBf3F44FN4CCAi5YJ4AaABAg,Zxn6d7Om21k,UCyzf08wn6-RlBO_7MLlP7hw,@blu9706,https://yt3.ggpht.com/yp8DDMgZ2ddeTWLLHD68c6MUHoRZMR0nJ8xpmR-jSqHb_aBWR1JdNzOIzyp3Sk0ofwdyc1CJRB8=s48-c-k-c0x00ffffff-no-rj,2023-09-25T08:59:51,"Si, no les gusta trabajar, cuando vean que en usa, es trabajando o tra vez se devuelven a robar y a matar a Suramerica....",0,true,,
UgyBf3F44FN4CCAi5YJ4AaABAg.9oygdoT1GVR9wgpHb5bqx8,UgyBf3F44FN4CCAi5YJ4AaABAg,Zxn6d7Om21k,UCRm1NNQ_WhG1ql1_swTEHsw,@AxelFoley0,https://yt3.ggpht.com/ytc/AIdro_n1bUQT7obU6BOWVaszz6zPEjyoz2fCFj50evFFJA=s48-c-k-c0x00ffffff-no-rj,2023-11-04T08:14:20,"@@Angelo-sc9of suponiendo que fuera as√≠, que no me consta, no deja de ser una explotaci√≥n",0,true,,
UgyBf3F44FN4CCAi5YJ4AaABAg.9oygdoT1GVR9xKFFRhSzMj,UgyBf3F44FN4CCAi5YJ4AaABAg,Zxn6d7Om21k,UCSwpO9d_CzTOA4UYU3F93hA,@famnunezmorazan9793,https://yt3.ggpht.com/ytc/AIdro_mMRF-rcRa9b_yXNV-hvxnhOm6TnYsgR_H4o8INMq8xI4X1RzG0FqBQ7ldbX62yXqGQeA=s48-c-k-c0x00ffffff-no-rj,2023-11-20T00:59:36,"Esa gente es pagada para irse en carabanas...porque solo en USA y Francia, Italia migran...pero no a rusia..nicaragua..costa rica..china",0,true,,
